Tanggal,Suhu Minimum,Suhu Maksimum,Suhu Rata-rata,Kelembaban Relatif Rata rata,Curah Hujan,Durasi Penyinaran Matahari (dalam jam),Kecepatan Angin (dalam meter per detik),Arah Angin (dalam derajat),Kecepatan Angin Rata rata (dalam meter per detik)
2023-01-01,24.6,35.2,28.7,79.0,0.0,4.4,2.0,260.0,1.0
2023-01-02,24.8,34.4,28.5,77.0,0.0,6.6,3.0,230.0,2.0
2023-01-03,24.8,32.6,28.3,75.0,0.0,7.7,8.0,210.0,4.0
2023-01-04,24.9,31.4,27.4,79.0,0.0,2.5,4.0,320.0,2.0
2023-01-05,25.0,34.0,28.3,72.0,0.0,0.5,8.0,250.0,3.0
2023-01-06,24.2,34.0,28.4,74.5,0.0,7.8,9.0,230.0,2.0
2023-01-07,24.8,33.0,28.5,77.0,0.0,7.5,4.0,300.0,2.0
2023-01-08,24.8,32.2,28.1,81.0,8888.0,2.6,3.0,250.0,1.0
2023-01-09,24.0,31.4,26.7,82.0,0.3,0.4,3.0,250.0,2.0
2023-01-10,22.9,33.3,26.4,82.0,0.0,0.8,8.0,250.0,3.0
2023-01-11,22.2,32.6,26.9,80.0,0.0,3.6,3.0,190.0,2.0
2023-01-12,22.2,34.8,26.8,82.0,0.0,2.6,6.0,350.0,1.0
2023-01-13,23.6,34.4,28.4,79.0,8888.0,4.8,7.0,170.0,2.0
2023-01-14,23.6,35.2,28.9,80.0,0.0,7.2,3.0,300.0,1.0
2023-01-15,24.0,33.4,27.6,84.0,0.0,5.9,2.0,310.0,1.0
2023-01-16,24.0,32.8,28.2,84.0,2.2,1.7,2.0,20.0,1.0
2023-01-17,25.2,32.8,27.7,85.0,0.0,2.4,3.0,143.0,1.0
2023-01-18,23.8,32.6,26.8,86.0,3.0,4.2,3.0,340.0,1.0
2023-01-19,23.8,32.8,27.0,82.0,8888.0,4.9,2.0,330.0,1.0
2023-01-20,23.2,33.4,26.7,86.0,0.0,2.8,4.0,270.0,1.0
2023-01-21,23.4,32.2,26.3,87.0,0.0,4.3,6.0,160.0,1.0
2023-01-22,22.8,34.8,28.4,81.0,2.8,2.1,6.0,255.0,2.0
2023-01-23,24.2,34.0,28.0,80.0,8888.0,5.0,5.0,270.0,2.0
2023-01-24,23.4,33.0,27.3,82.0,0.0,9999.0,4.0,100.0,2.0
2023-01-25,24.0,32.0,27.2,85.0,8888.0,5.6,3.0,50.0,1.0
2023-01-26,24.2,27.95,27.8,82.0,3.4,3.0,2.0,10.0,1.0
2023-01-27,24.2,23.9,26.3,87.0,9.5,6.3,2.0,340.0,1.0
2023-01-28,23.9,31.8,27.1,86.0,5.9,1.3,2.0,270.0,1.0
2023-01-29,24.4,32.0,26.6,90.0,0.0,1.9,7.0,340.0,2.0
2023-01-30,22.8,33.4,26.6,87.0,33.5,1.5,3.0,260.0,1.0
2023-01-31,24.0,30.6,26.6,88.0,1.5,4.9,2.0,360.0,1.0
2023-02-01,23.4,30.2,26.2,88.0,8888.0,0.7,3.0,345.0,1.0
2023-02-02,24.3,33.0,26.9,88.0,6.5,0.2,3.0,310.0,1.0
2023-02-03,23.5,32.3,26.3,88.0,12.6,3.4,3.0,230.0,1.0
2023-02-04,23.8,31.8,27.0,84.0,8888.0,1.7,3.0,360.0,1.0
2023-02-05,24.0,32.4,27.5,84.0,0.0,1.5,5.0,10.0,2.0
2023-02-06,24.4,33.5,28.2,82.0,1.5,1.7,3.0,20.0,2.0
2023-02-07,25.0,32.2,27.8,83.0,0.0,7.2,2.0,310.0,1.0
2023-02-08,25.0,33.6,28.4,77.0,0.0,1.4,3.0,270.0,1.0
2023-02-09,25.0,30.2,27.2,83.0,8888.0,3.4,4.0,215.0,1.0
2023-02-10,24.8,33.3,28.3,78.0,8888.0,0.0,3.0,310.0,1.0
2023-02-11,24.4,33.7,27.7,84.0,0.0,3.5,2.0,110.0,0.0
2023-02-12,24.8,32.8,27.9,85.0,7.8,4.9,3.0,270.0,1.0
2023-02-13,24.2,30.0,26.4,85.0,9.5,2.1,9.0,220.0,3.0
2023-02-14,25.0,33.6,28.4,74.0,8888.0,0.7,9.0,250.0,5.0
2023-02-15,24.4,34.5,28.4,78.0,0.0,5.3,2.0,200.0,1.0
2023-02-16,25.4,32.2,28.3,80.0,0.8,5.1,5.0,215.0,3.0
2023-02-17,23.8,35.0,28.2,77.0,0.0,0.0,7.0,230.0,3.0
2023-02-18,24.8,34.0,28.5,76.0,0.0,8.5,6.0,240.0,2.0
2023-02-19,24.8,34.2,28.7,72.0,0.0,4.4,8.0,250.0,4.0
2023-02-20,25.2,33.2,28.4,82.0,0.0,6.7,2.0,270.0,1.0
2023-02-21,24.3,35.4,27.3,86.0,2.5,1.5,5.0,110.0,2.0
2023-02-22,25.0,32.3,27.8,86.0,10.5,4.4,2.0,340.0,1.0
2023-02-23,24.4,32.15,27.3,86.0,0.0,3.4,2.0,120.0,1.0
2023-02-24,24.6,32.0,27.2,86.0,8888.0,2.8,2.0,10.0,1.0
2023-02-25,25.2,32.1,27.8,84.0,0.0,1.9,2.0,160.0,1.0
2023-02-26,23.8,32.8,26.9,84.0,0.0,1.1,3.0,260.0,1.0
2023-02-27,24.2,32.6,26.9,82.0,1.4,3.8,5.0,115.0,2.0
2023-02-28,24.0,32.0,27.1,86.0,5.8,1.8,3.0,260.0,1.0
2023-03-01,24.0,32.6,27.6,81.0,5.8,2.6,3.0,220.0,1.0
2023-03-02,24.6,34.2,28.3,78.0,8888.0,9999.0,3.0,280.0,1.0
2023-03-03,23.0,34.4,27.5,82.0,22.5,4.5,5.0,280.0,2.0
2023-03-04,24.4,30.6,26.5,89.0,8.5,7.2,4.0,300.0,2.0
2023-03-05,24.0,33.4,27.0,81.0,2.1,2.6,3.0,320.0,2.0
2023-03-06,23.4,33.4,27.6,80.0,4.2,4.0,7.0,230.0,3.0
2023-03-07,24.0,34.8,28.2,80.0,8888.0,2.5,6.0,290.0,2.0
2023-03-08,25.2,31.3,27.4,86.0,0.0,8.3,3.0,30.0,1.0
2023-03-09,24.6,31.6,27.1,82.0,0.9,0.0,4.0,170.0,1.0
2023-03-10,24.3,32.6,27.2,88.0,0.9,3.7,2.0,260.0,1.0
2023-03-11,25.0,31.5,27.5,88.0,1.1,4.4,2.0,200.0,1.0
2023-03-12,24.6,32.8,27.3,87.0,5.5,1.2,2.0,140.0,1.0
2023-03-13,23.8,32.0,26.9,89.0,6.2,6.3,3.0,150.0,1.0
2023-03-14,24.6,32.3,26.5,91.0,0.5,3.9,2.0,310.0,1.0
2023-03-15,23.8,33.2,27.2,85.0,11.5,3.6,3.0,340.0,1.0
2023-03-16,23.8,34.2,27.7,83.0,6.0,4.0,3.0,50.0,1.0
2023-03-17,25.2,33.6,28.4,81.0,0.0,8.8,4.0,50.0,2.0
2023-03-18,24.8,32.4,27.1,88.0,0.0,6.4,6.0,25.0,2.0
2023-03-19,24.2,32.2,27.7,82.0,2.0,4.0,3.0,340.0,2.0
2023-03-20,23.6,31.1,26.8,86.0,0.0,5.4,2.0,270.0,1.0
2023-03-21,24.0,33.0,27.8,84.0,0.0,3.9,2.0,250.0,1.0
2023-03-22,23.6,32.9,26.8,83.0,10.0,4.3,3.0,100.0,1.0
2023-03-23,24.6,32.4,28.0,83.0,0.5,3.0,3.0,320.0,1.0
2023-03-24,24.2,32.5,28.0,84.0,0.0,3.5,4.0,350.0,2.0
2023-03-25,24.4,34.2,28.7,82.0,8888.0,5.3,2.0,340.0,1.0
2023-03-26,24.4,32.9,27.5,87.0,21.0,5.2,2.0,230.0,2.0
2023-03-27,23.9,32.6,26.8,88.0,0.0,4.8,5.0,90.0,1.0
2023-03-28,24.6,31.8,26.7,88.0,10.8,1.4,3.0,140.0,1.0
2023-03-29,24.0,33.3,27.9,82.0,7.1,1.3,4.0,210.0,2.0
2023-03-30,24.2,33.9,28.0,84.0,0.0,4.8,5.0,295.0,2.0
2023-03-31,24.6,32.7,26.4,89.0,0.8,5.7,7.0,50.0,2.0
2023-04-01,23.8,33.4,26.8,86.0,37.3,3.5,4.0,240.0,1.0
2023-04-02,24.5,32.2,26.5,88.0,7.5,6.7,2.0,350.0,1.0
2023-04-03,23.6,33.5,27.3,86.0,7.6,2.8,7.0,150.0,2.0
2023-04-04,23.6,32.0,26.5,86.0,2.0,6.0,3.0,90.0,2.0
2023-04-05,23.6,29.4,25.9,90.0,7.8,2.8,2.0,350.0,1.0
2023-04-06,23.6,33.2,26.4,86.0,8888.0,0.0,2.0,270.0,1.0
2023-04-07,23.4,33.2,27.6,80.0,2.0,3.2,4.0,225.0,2.0
2023-04-08,24.4,33.2,28.4,78.0,0.0,7.2,2.0,240.0,1.0
2023-04-09,23.6,34.2,28.3,76.0,0.0,2.5,9.0,210.0,4.0
2023-04-10,24.4,33.3,28.3,76.0,0.0,9.2,10.0,270.0,4.0
2023-04-11,23.8,34.5,27.9,81.0,8888.0,8.3,3.0,120.0,2.0
2023-04-12,25.2,32.8,27.4,92.0,8888.0,7.3,3.0,350.0,1.0
2023-04-13,24.6,33.1,27.0,90.0,16.3,2.7,3.0,170.0,1.0
2023-04-14,24.4,28.0,26.0,92.0,20.4,5.5,2.0,120.0,1.0
2023-04-15,24.8,33.4,27.3,87.0,0.5,0.0,2.0,330.0,1.0
2023-04-16,23.8,31.9,26.0,92.0,4.5,4.5,2.0,120.0,1.0
2023-04-17,24.2,33.4,28.2,84.0,1.5,2.3,3.0,110.0,1.0
2023-04-18,24.2,32.9,27.7,86.0,0.0,6.0,2.0,280.0,1.0
2023-04-19,24.2,33.2,28.1,84.0,0.0,2.4,2.0,40.0,1.0
2023-04-20,24.4,31.4,27.2,92.0,0.0,7.0,2.0,10.0,1.0
2023-04-21,25.0,31.4,27.6,86.0,7.0,5.9,3.0,70.0,2.0
2023-04-22,25.3,29.2,26.7,92.0,2.5,1.7,3.0,330.0,2.0
2023-04-23,24.0,32.2,27.3,86.0,8.0,0.7,2.0,30.0,1.0
2023-04-24,23.2,34.1,28.0,82.0,8888.0,6.9,4.0,290.0,2.0
2023-04-25,24.2,34.0,28.8,81.0,0.0,8.7,3.0,180.0,2.0
2023-04-26,25.2,33.8,28.3,84.0,1.0,8.4,8.0,100.0,2.0
2023-04-27,24.2,31.8,27.2,90.0,2.3,5.0,2.0,40.0,1.0
2023-04-28,23.8,32.8,27.1,88.0,11.2,2.2,2.0,310.0,1.0
2023-04-29,25.1,32.0,27.4,89.0,2.3,4.7,2.0,200.0,1.0
2023-04-30,23.6,33.4,26.7,94.0,4.8,3.4,2.0,350.0,0.0
2023-05-01,25.4,33.2,28.3,84.0,3.8,5.8,3.0,360.0,1.0
2023-05-02,26.0,31.8,27.6,87.0,8888.0,3.4,3.0,280.0,1.0
2023-05-03,24.2,31.3,27.5,86.0,8888.0,3.2,4.0,40.0,1.0
2023-05-04,25.4,29.6,26.7,93.0,10.9,2.9,2.0,150.0,0.0
2023-05-05,23.6,31.2,26.8,90.0,21.4,0.0,2.0,250.0,1.0
2023-05-06,24.6,32.2,26.9,89.0,1.7,1.9,2.0,330.0,1.0
2023-05-07,24.2,32.2,27.3,87.0,1.4,0.8,4.0,215.0,2.0
2023-05-08,25.4,31.6,26.5,94.0,1.0,3.8,3.0,120.0,1.0
2023-05-09,25.2,33.0,30.1,79.0,16.6,2.0,2.0,20.0,1.0
2023-05-10,25.0,33.8,27.5,90.0,0.5,6.0,3.0,20.0,1.0
2023-05-11,24.8,33.5,27.4,87.0,17.5,4.2,2.0,230.0,1.0
2023-05-12,24.6,33.3,30.6,73.0,5.5,4.9,5.0,360.0,2.0
2023-05-13,25.2,33.6,28.4,82.0,0.0,8.6,2.0,80.0,1.0
2023-05-14,23.2,32.4,29.7,72.0,0.0,6.4,4.0,133.0,2.0
2023-05-15,24.8,32.2,29.4,75.0,0.0,5.8,2.0,100.0,1.0
2023-05-16,24.7,31.8,26.4,91.0,12.3,4.1,3.0,220.0,1.0
2023-05-17,9999.0,31.6,27.7,87.0,3.0,4.4,2.0,100.0,1.0
2023-05-18,24.8,31.8,27.7,83.0,10.4,1.7,2.0,100.0,1.0
2023-05-19,23.4,32.2,27.6,84.0,0.0,5.3,2.0,200.0,1.0
2023-05-20,23.8,32.4,27.2,83.0,1.0,5.6,2.0,210.0,1.0
2023-05-21,23.2,32.4,27.1,83.0,0.0,7.9,3.0,40.0,1.0
2023-05-22,24.4,30.4,26.2,88.0,0.0,5.8,4.0,350.0,2.0
2023-05-23,25.0,32.0,27.9,84.0,1.5,1.3,3.0,80.0,1.0
2023-05-24,24.0,32.9,25.4,94.0,0.0,4.4,3.0,120.0,1.0
2023-05-25,24.0,30.4,26.3,89.0,26.0,3.7,2.0,100.0,1.0
2023-05-26,23.8,31.8,29.0,76.0,1.2,0.7,2.0,210.0,1.0
2023-05-27,23.7,32.2,26.8,86.0,0.0,1.8,2.0,320.0,1.0
2023-05-28,23.9,31.8,27.2,84.0,8888.0,5.9,2.0,100.0,1.0
2023-05-29,24.0,31.6,27.1,85.0,0.0,5.5,2.0,350.0,1.0
2023-05-30,24.6,32.5,27.7,85.0,0.0,3.1,4.0,160.0,2.0
2023-05-31,24.6,29.0,25.0,97.0,8888.0,5.1,2.0,200.0,0.0
2023-06-01,23.8,29.7,26.3,89.0,13.7,0.0,2.0,280.0,1.0
2023-06-02,23.2,30.4,26.4,90.0,8888.0,1.5,2.0,170.0,1.0
2023-06-03,24.4,31.8,28.1,85.0,6.9,2.6,2.0,260.0,1.0
2023-06-04,24.0,30.2,26.2,93.0,38.6,3.8,2.0,250.0,1.0
2023-06-05,24.0,32.5,27.7,85.0,0.0,2.8,2.0,130.0,1.0
2023-06-06,22.6,33.4,26.8,80.0,0.0,7.0,2.0,40.0,1.0
2023-06-07,20.8,32.6,25.7,84.0,0.0,8.9,2.0,250.0,1.0
2023-06-08,22.6,32.4,29.3,76.0,0.0,6.6,2.0,280.0,0.0
2023-06-09,24.4,32.6,27.0,88.0,1.2,3.7,3.0,340.0,1.0
2023-06-10,24.0,31.4,26.6,91.0,54.3,4.8,3.0,25.0,1.0
2023-06-11,24.0,26.4,24.4,99.0,32.0,4.6,2.0,260.0,1.0
2023-06-12,23.6,28.8,26.6,89.0,13.3,0.0,4.0,255.0,2.0
2023-06-13,23.6,27.0,24.5,97.0,7.4,0.5,2.0,300.0,0.0
2023-06-14,24.0,32.6,28.6,80.0,31.2,0.0,2.0,290.0,1.0
2023-06-15,22.8,32.4,26.3,88.0,8888.0,5.1,2.0,140.0,0.0
2023-06-16,22.0,31.9,28.7,74.0,2.3,2.3,3.0,130.0,1.0
2023-06-17,23.0,31.4,26.9,88.0,0.3,5.4,3.0,160.0,1.0
2023-06-18,23.2,30.8,25.9,88.0,46.1,1.9,2.0,360.0,1.0
2023-06-19,23.8,30.9,26.2,90.0,8888.0,2.0,3.0,350.0,1.0
2023-06-20,22.2,32.0,26.2,89.0,0.5,0.6,2.0,220.0,1.0
2023-06-21,22.8,33.0,26.2,88.0,2.5,1.1,2.0,120.0,1.0
2023-06-22,22.8,31.4,26.4,87.0,4.5,3.7,3.0,70.0,1.0
2023-06-23,23.9,30.8,26.3,88.0,0.0,2.4,2.0,90.0,0.0
2023-06-24,23.6,31.4,26.5,88.0,0.0,0.7,3.0,340.0,1.0
2023-06-25,23.8,32.0,26.8,88.0,8888.0,0.6,3.0,300.0,1.0
2023-06-26,23.8,32.0,27.1,86.0,8888.0,3.4,2.0,360.0,1.0
2023-06-27,22.8,32.6,29.2,78.0,0.0,4.1,2.0,10.0,1.0
2023-06-28,23.5,32.0,27.0,86.0,1.0,5.3,2.0,70.0,1.0
2023-06-29,22.3,30.8,26.1,89.0,0.0,2.1,2.0,200.0,1.0
2023-06-30,23.6,32.3,26.8,87.0,8888.0,0.2,3.0,180.0,1.0
2023-07-01,23.1,32.8,27.0,86.0,0.3,3.0,3.0,340.0,1.0
2023-07-02,24.8,33.2,28.0,85.0,0.0,3.2,2.0,340.0,1.0
2023-07-03,23.6,32.0,26.2,92.0,0.0,3.9,2.0,210.0,1.0
2023-07-04,23.6,32.4,24.8,96.0,3.0,2.3,3.0,210.0,1.0
2023-07-05,23.0,32.6,26.5,88.0,14.1,3.6,2.0,50.0,1.0
2023-07-06,22.8,31.2,26.1,91.0,1.8,3.8,5.0,360.0,1.0
2023-07-07,23.7,32.0,24.9,96.0,1.0,2.5,2.0,70.0,0.0
2023-07-08,21.8,33.2,27.5,78.0,31.5,1.3,2.0,260.0,1.0
2023-07-09,22.4,32.2,26.5,80.0,0.0,8.0,2.0,270.0,1.0
2023-07-10,23.0,32.6,26.8,80.0,0.0,4.9,2.0,150.0,1.0
2023-07-11,22.4,29.2,25.5,90.0,0.0,6.2,2.0,160.0,0.0
2023-07-12,23.6,29.1,25.2,94.0,8888.0,0.0,2.0,280.0,1.0
2023-07-13,24.2,27.2,24.8,96.0,25.1,1.1,1.0,180.0,0.0
2023-07-14,23.4,28.7,25.4,94.0,16.6,0.0,2.0,280.0,1.0
2023-07-15,22.5,32.4,26.6,84.0,2.8,0.7,3.0,150.0,1.0
2023-07-16,23.0,32.2,26.5,85.0,0.0,6.7,3.0,140.0,1.0
2023-07-17,23.6,29.8,25.1,92.0,0.0,4.6,2.0,60.0,1.0
2023-07-18,23.4,30.2,25.4,90.0,2.2,0.3,2.0,300.0,1.0
2023-07-19,23.2,31.0,26.5,85.0,2.7,0.1,2.0,280.0,1.0
2023-07-20,23.4,31.9,26.4,87.0,1.5,1.5,2.0,340.0,1.0
2023-07-21,22.6,32.6,26.9,83.0,3.4,4.2,2.0,360.0,0.0
2023-07-22,23.2,32.6,27.4,84.0,0.0,2.8,1.0,360.0,0.0
2023-07-23,21.8,32.0,26.0,85.0,8888.0,4.8,1.0,360.0,0.0
2023-07-24,21.0,31.8,25.8,85.0,0.0,6.8,1.0,50.0,0.0
2023-07-25,21.0,31.6,25.4,89.0,8888.0,4.6,1.0,135.0,0.0
2023-07-26,23.4,31.6,26.4,86.0,8888.0,5.6,2.0,80.0,1.0
2023-07-27,23.2,30.6,25.8,86.0,0.6,4.0,2.0,350.0,0.0
2023-07-28,21.3,32.3,25.8,86.0,0.0,2.6,1.0,320.0,0.0
2023-07-29,20.7,32.4,25.8,83.0,0.5,7.1,2.0,100.0,1.0
2023-07-30,21.6,32.0,26.2,82.0,0.0,8.9,1.0,20.0,0.0
2023-07-31,22.0,31.0,25.7,88.0,0.8,5.8,0.0,0.0,0.0
2023-08-01,23.4,31.2,26.1,88.0,8888.0,1.3,1.0,80.0,0.0
2023-08-02,23.0,32.4,26.3,88.0,1.0,1.8,2.0,270.0,0.0
2023-08-03,21.2,32.6,25.9,87.0,9.8,6.0,1.0,180.0,0.0
2023-08-04,23.6,31.3,26.9,83.0,8.5,6.8,2.0,130.0,0.0
2023-08-05,23.5,30.2,25.4,94.0,4.0,4.1,0.0,250.0,0.0
2023-08-06,22.6,31.0,24.6,92.0,8.5,1.9,2.0,120.0,0.0
2023-08-07,23.1,31.4,26.1,85.0,1.6,3.7,3.0,135.0,1.0
2023-08-08,19.6,31.9,25.1,84.0,0.0,5.0,2.0,100.0,0.0
2023-08-09,22.4,31.2,25.6,88.0,0.8,3.7,2.0,300.0,1.0
2023-08-10,23.0,30.2,25.6,86.0,8888.0,2.4,2.0,300.0,1.0
2023-08-11,22.2,31.6,26.1,82.0,0.0,1.0,2.0,180.0,1.0
2023-08-12,22.4,31.4,26.0,83.0,0.0,6.9,2.0,210.0,0.0
2023-08-13,21.8,31.6,25.2,86.0,8888.0,2.8,2.0,210.0,0.0
2023-08-14,22.0,31.2,26.1,84.0,8888.0,6.0,2.0,100.0,1.0
2023-08-15,21.8,32.4,26.9,80.0,0.0,4.7,2.0,140.0,0.0
2023-08-16,21.0,33.1,26.5,80.0,0.0,4.9,2.0,340.0,1.0
2023-08-17,20.0,32.4,26.1,80.0,0.0,7.5,0.0,160.0,0.0
2023-08-18,19.6,32.6,24.7,85.0,0.0,6.4,2.0,70.0,0.0
2023-08-19,19.8,32.8,25.4,80.0,8888.0,6.4,3.0,100.0,1.0
2023-08-20,19.6,31.4,25.0,82.0,0.0,8.9,2.0,130.0,1.0
2023-08-21,19.1,32.8,25.0,81.0,0.0,8.4,2.0,280.0,1.0
2023-08-22,19.8,32.8,25.8,80.0,0.0,8.2,2.0,360.0,1.0
2023-08-23,21.3,31.9,25.65,86.0,8.45,4.3,2.5,250.0,0.5
2023-08-24,22.8,31.0,25.5,92.0,16.9,0.4,3.0,140.0,0.0
2023-08-25,22.2,32.2,26.7,82.0,8.8,2.7,2.0,270.0,0.0
2023-08-26,19.8,32.8,26.3,83.0,0.0,8.1,2.0,90.0,1.0
2023-08-27,21.4,32.2,25.6,81.0,1.9,8.9,2.0,240.0,1.0
2023-08-28,18.8,32.0,25.6,80.0,0.0,7.9,1.0,130.0,0.0
2023-08-29,20.2,33.0,26.4,77.0,0.0,9.9,2.0,260.0,1.0
2023-08-30,19.5,32.2,26.2,77.0,0.0,8.8,2.0,120.0,1.0
2023-08-31,18.8,33.2,25.6,80.0,0.0,9.0,2.0,310.0,0.0
2023-09-01,18.8,33.0,26.4,75.0,0.0,7.1,2.0,130.0,1.0
2023-09-02,20.0,32.8,27.2,70.0,0.0,6.9,3.0,160.0,1.0
2023-09-03,18.2,32.3,25.1,80.0,0.0,8.8,2.0,230.0,1.0
2023-09-04,19.6,32.2,26.1,78.0,0.0,6.8,0.0,0.0,0.0
2023-09-05,20.1,33.4,25.7,79.0,0.0,6.8,2.0,40.0,1.0
2023-09-06,19.6,33.4,26.2,82.0,0.0,8.6,1.0,60.0,0.0
2023-09-07,19.0,33.4,27.3,77.0,0.0,6.1,2.0,190.0,1.0
2023-09-08,20.0,33.4,25.7,77.0,0.0,9.0,3.0,140.0,1.0
2023-09-09,19.3,32.9,25.6,79.0,0.0,8.2,2.0,140.0,1.0
2023-09-10,22.2,32.4,26.6,83.0,0.0,7.5,4.0,160.0,0.0
2023-09-11,22.9,31.0,26.2,86.0,38.6,4.6,3.0,110.0,1.0
2023-09-12,21.6,33.7,26.8,77.0,1.9,3.9,3.0,100.0,1.0
2023-09-13,22.2,31.7,26.9,76.0,0.0,8.0,1.0,120.0,0.0
2023-09-14,20.2,31.7,25.9,81.0,0.0,3.3,2.0,210.0,1.0
2023-09-15,22.5,32.6,25.8,84.0,8888.0,3.2,2.0,260.0,1.0
2023-09-16,21.2,31.9,26.4,86.0,1.6,4.3,3.0,150.0,1.0
2023-09-17,22.6,31.2,25.4,88.0,2.5,3.5,2.0,170.0,0.0
2023-09-18,20.8,31.8,25.7,83.0,0.0,0.1,2.0,125.0,1.0
2023-09-19,21.8,32.2,26.1,82.0,0.0,4.0,3.0,180.0,0.0
2023-09-20,21.4,33.8,26.6,76.0,0.0,3.3,3.0,160.0,1.0
2023-09-21,20.4,33.6,26.8,76.0,0.0,6.6,2.0,100.0,1.0
2023-09-22,20.2,33.2,26.4,77.0,0.0,9.1,3.0,160.0,1.0
2023-09-23,20.4,34.0,27.0,77.0,0.0,9.3,2.0,60.0,0.0
2023-09-24,20.2,33.8,26.7,79.0,0.0,9.1,3.0,110.0,0.0
2023-09-25,19.6,33.5,27.2,73.0,0.0,9.1,2.0,120.0,1.0
2023-09-26,18.8,33.2,26.0,77.0,0.0,9.7,4.0,130.0,1.0
2023-09-27,18.6,34.0,25.7,78.0,0.0,8.9,4.0,150.0,1.0
2023-09-28,19.6,33.2,26.6,75.0,0.0,8.6,3.0,45.0,1.0
2023-09-29,18.8,33.6,27.5,76.0,0.0,8.8,2.0,130.0,1.0
2023-09-30,19.8,33.8,26.4,80.0,0.0,8.1,1.0,90.0,0.0
2023-10-01,20.3,33.8,27.0,77.0,0.0,7.8,3.0,80.0,1.0
2023-10-02,20.6,34.0,27.3,77.0,0.0,8.9,3.0,70.0,1.0
2023-10-03,23.2,34.4,28.4,78.0,0.0,4.1,2.0,55.0,1.0
2023-10-04,22.2,35.6,28.3,78.0,0.0,6.1,5.0,50.0,2.0
2023-10-05,23.0,35.6,28.7,76.0,0.0,9.5,2.0,270.0,1.0
2023-10-06,21.8,33.8,27.5,78.0,0.0,8.9,3.0,80.0,1.0
2023-10-07,21.0,34.4,27.7,76.0,0.0,9.0,2.0,150.0,1.0
2023-10-08,20.2,34.8,27.4,75.0,0.0,8.7,2.0,160.0,1.0
2023-10-09,20.6,35.0,27.3,76.0,0.0,8.7,3.0,100.0,1.0
2023-10-10,19.0,34.8,26.7,76.0,0.0,9.2,2.0,60.0,1.0
2023-10-11,19.4,34.4,26.9,76.0,0.0,9.0,2.0,70.0,1.0
2023-10-12,20.4,34.6,27.8,73.0,0.0,8.8,2.0,40.0,1.0
2023-10-13,20.4,34.8,28.1,74.0,0.0,8.2,5.0,50.0,2.0
2023-10-14,22.1,35.8,28.9,76.0,0.0,8.6,3.0,90.0,1.0
2023-10-15,22.2,35.4,28.5,76.0,0.0,8.4,5.0,45.0,2.0
2023-10-16,22.0,35.4,28.8,75.0,0.0,9.4,2.0,130.0,1.0
2023-10-17,22.4,34.4,28.6,78.0,0.0,9.7,3.0,130.0,1.0
2023-10-18,23.0,34.4,27.5,84.0,0.0,6.7,3.0,140.0,1.0
2023-10-19,21.3,34.849999999999994,27.65,78.0,0.0,8.05,3.0,210.0,1.0
2023-10-20,19.6,35.3,27.8,72.0,0.0,9.4,3.0,280.0,1.0
2023-10-21,20.2,35.2,28.05,75.0,0.0,8.7,3.0,40.0,1.0
2023-10-22,22.0,35.4,28.3,78.0,0.0,8.9,2.0,90.0,1.0
2023-10-23,22.3,5017.2,28.950000000000003,76.0,0.0,8.3,2.5,135.0,1.0
2023-10-24,22.6,9999.0,29.6,74.0,0.0,7.7,3.0,180.0,1.0
2023-10-25,21.8,36.0,28.8,78.0,0.0,9.0,2.0,160.0,1.0
2023-10-26,20.0,36.2,27.7,77.0,0.0,8.9,2.0,100.0,1.0
2023-10-27,20.2,36.4,27.5,74.0,0.0,9.3,2.0,170.0,1.0
2023-10-28,20.0,37.0,28.4,68.0,0.0,9.2,3.0,170.0,1.0
2023-10-29,20.0,35.8,28.2,71.0,0.0,8.8,3.0,190.0,1.0
2023-10-30,21.4,35.7,31.9,60.0,0.0,8.6,2.0,80.0,1.0
2023-10-31,22.1,35.8,31.8,60.0,0.0,8.8,3.0,130.0,1.0
2023-11-01,22.6,33.2,30.3,70.0,0.0,7.9,3.0,130.0,1.0
2023-11-02,23.0,34.2,30.8,67.0,8888.0,3.5,3.0,180.0,1.0
2023-11-03,23.4,36.0,30.9,67.0,0.0,6.2,2.0,135.0,1.0
2023-11-04,23.8,34.2,30.4,71.0,0.8,3.3,3.0,190.0,1.0
2023-11-05,23.2,36.6,31.9,61.0,8888.0,2.9,2.0,40.0,1.0
2023-11-06,20.6,36.0,31.8,63.0,0.0,7.9,3.0,125.0,1.0
2023-11-07,22.2,37.0,32.3,57.0,0.0,8.3,2.0,40.0,1.0
2023-11-08,22.8,36.8,32.2,60.0,0.0,9.3,3.0,100.0,0.0
2023-11-09,23.2,37.2,32.3,58.0,0.0,8.6,2.0,200.0,0.0
2023-11-10,22.4,36.4,32.0,62.0,0.0,7.7,1.0,100.0,0.0
2023-11-11,24.0,36.2,32.1,63.0,0.0,7.4,3.0,100.0,1.0
2023-11-12,23.6,35.6,32.4,64.0,0.0,6.8,3.0,220.0,1.0
2023-11-13,23.6,37.0,32.7,61.0,0.0,6.7,2.0,40.0,1.0
2023-11-14,23.8,36.0,32.3,65.0,0.0,8.0,3.0,40.0,1.0
2023-11-15,23.6,36.6,32.8,60.0,8888.0,6.0,2.0,350.0,1.0
2023-11-16,25.4,36.0,32.4,64.0,0.0,7.9,2.0,120.0,0.0
2023-11-17,24.2,32.0,29.8,74.0,0.0,5.7,3.0,250.0,1.0
2023-11-18,24.0,29.0,28.8,83.0,29.2,4.4,0.0,0.0,0.0
2023-11-19,24.6,35.4,30.1,73.0,8.6,4.4,3.0,300.0,1.0
2023-11-20,23.6,35.4,31.5,67.0,15.5,6.2,2.0,70.0,1.0
2023-11-21,24.4,35.2,31.9,61.0,0.0,6.9,4.0,240.0,1.0
2023-11-22,23.4,35.8,32.3,62.0,0.0,8.3,3.0,130.0,1.0
2023-11-23,25.0,30.0,31.6,69.0,1.7,7.4,3.0,200.0,0.0
2023-11-24,24.8,33.4,28.9,78.0,8888.0,6.4,2.0,250.0,0.0
2023-11-25,23.8,34.8,29.7,75.0,4.5,2.4,2.0,240.0,0.0
2023-11-26,24.2,33.2,29.4,78.0,8888.0,3.8,3.0,130.0,1.0
2023-11-27,24.0,35.6,30.4,71.0,1.0,1.3,3.0,140.0,1.0
2023-11-28,24.5,34.8,28.3,79.0,0.0,5.6,4.0,200.0,1.0
2023-11-29,22.2,35.0,31.4,67.0,34.0,3.5,1.0,80.0,0.0
2023-11-30,24.4,36.8,28.7,80.0,0.0,8.1,3.0,150.0,1.0
2023-12-01,23.2,35.4,31.5,70.0,18.3,3.7,2.0,270.0,1.0
2023-12-02,25.0,32.2,28.7,80.0,0.0,7.5,3.0,260.0,2.0
2023-12-03,25.0,31.8,28.3,85.0,0.0,7.8,4.0,240.0,2.0
2023-12-04,24.8,31.0,27.9,84.0,0.0,3.8,4.0,290.0,2.0
2023-12-05,25.4,32.4,27.5,86.0,2.2,2.3,6.0,220.0,2.0
2023-12-06,25.6,32.6,28.8,79.0,8.6,3.5,5.0,250.0,2.0
2023-12-07,25.2,31.8,28.5,83.0,0.0,7.8,3.0,290.0,1.0
2023-12-08,25.4,31.6,28.4,83.0,0.6,5.8,3.0,220.0,2.0
2023-12-09,25.2,31.8,28.1,84.0,0.0,4.0,4.0,220.0,2.0
2023-12-10,25.2,30.8,27.7,86.0,8888.0,1.5,5.0,230.0,2.0
2023-12-11,25.0,31.2,28.5,79.0,6.2,1.3,4.0,240.0,2.0
2023-12-12,26.2,31.4,28.4,78.0,0.0,7.3,4.0,240.0,2.0
2023-12-13,23.4,31.2,27.0,86.0,36.1,7.6,4.0,300.0,2.0
2023-12-14,25.0,31.0,28.3,79.0,0.0,7.8,4.0,210.0,2.0
2023-12-15,26.2,31.6,28.6,83.0,0.0,7.6,4.0,210.0,2.0
2023-12-16,26.0,32.0,29.2,80.0,0.0,9.0,4.0,240.0,2.0
2023-12-17,24.8,33.0,28.4,84.0,0.0,5.9,3.0,230.0,1.0
2023-12-18,25.2,31.6,27.9,88.0,8.1,8.7,4.0,210.0,1.0
2023-12-19,24.6,31.8,27.7,86.0,12.8,4.6,3.0,230.0,1.0
2023-12-20,24.4,31.2,27.6,86.0,0.0,5.2,3.0,250.0,2.0
2023-12-21,24.6,29.2,27.1,88.0,5.0,3.4,3.0,220.0,2.0
2023-12-22,26.4,31.7,28.9,80.0,0.0,0.0,4.0,250.0,1.0
2023-12-23,26.0,31.4,28.2,84.0,0.0,3.3,5.0,200.0,2.0
2023-12-24,25.6,31.2,28.0,86.0,1.6,3.6,5.0,200.0,2.0
2023-12-25,25.4,31.6,28.7,82.0,0.1,2.7,3.0,270.0,2.0
2023-12-26,25.8,32.4,28.5,81.0,8888.0,5.3,4.0,50.0,2.0
2023-12-27,24.0,32.4,27.5,86.0,0.0,5.8,3.0,360.0,1.0
2023-12-28,24.4,30.2,26.7,91.0,5.5,4.6,3.0,20.0,1.0
2023-12-29,24.4,30.4,26.2,94.0,5.5,1.4,3.0,240.0,1.0
2023-12-30,23.2,31.0,26.8,87.0,23.8,1.1,3.0,240.0,1.0
2023-12-31,25.6,30.6,27.2,91.0,8888.0,4.1,3.0,210.0,2.0
2024-01-01,24.6,30.4,27.1,89.0,26.0,2.2,3.0,40.0,2.0
2024-01-02,24.0,31.0,26.6,94.0,0.0,0.7,3.0,40.0,1.0
2024-01-03,24.2,30.4,27.4,87.0,10.6,4.4,9.0,310.0,2.0
2024-01-04,23.0,29.8,26.3,90.0,33.6,4.5,2.0,330.0,0.0
2024-01-05,24.0,29.8,27.0,89.0,1.8,0.0,6.0,210.0,1.0
2024-01-06,24.8,31.2,27.1,90.0,0.4,1.1,3.0,40.0,1.0
2024-01-07,25.0,32.8,28.4,81.0,0.0,3.3,3.0,50.0,2.0
2024-01-08,25.4,32.4,28.5,80.0,0.0,9.2,3.0,210.0,2.0
2024-01-09,24.6,32.0,28.1,83.0,0.0,6.1,4.0,230.0,2.0
2024-01-10,24.6,29.8,26.9,91.0,6.1,2.8,3.0,320.0,1.0
2024-01-11,24.6,32.2,27.8,83.0,0.1,1.1,5.0,200.0,2.0
2024-01-12,25.6,32.8,28.5,80.0,8888.0,4.0,4.0,200.0,2.0
2024-01-13,26.0,30.2,27.9,87.0,0.0,7.1,4.0,180.0,2.0
2024-01-14,25.2,31.4,28.2,80.0,1.6,0.0,6.0,260.0,2.0
2024-01-15,26.0,32.4,29.2,75.0,0.3,0.6,6.0,240.0,2.0
2024-01-16,25.8,31.4,28.5,78.0,0.0,5.7,3.0,300.0,1.0
2024-01-17,25.6,31.8,28.0,80.0,0.0,1.4,5.0,270.0,1.0
2024-01-18,25.2,32.4,28.2,83.0,0.0,3.0,3.0,260.0,2.0
2024-01-19,26.4,31.2,28.4,84.0,0.0,8.7,6.0,240.0,2.0
2024-01-20,27.4,32.0,29.0,79.0,0.5,2.2,5.0,230.0,2.0
2024-01-21,25.2,31.0,26.1,94.0,6.1,5.7,2.0,330.0,1.0
2024-01-22,25.2,30.0,27.5,90.0,15.2,1.0,4.0,200.0,1.0
2024-01-23,25.2,32.0,28.2,84.0,3.5,0.6,3.0,40.0,1.0
2024-01-24,26.0,32.4,28.4,83.0,0.0,6.9,4.0,210.0,2.0
2024-01-25,26.2,32.6,28.4,82.0,0.0,7.2,4.0,260.0,2.0
2024-01-26,25.4,33.1,29.7,75.0,1.5,7.0,4.0,300.0,2.0
2024-01-27,25.2,32.6,28.6,81.0,0.7,5.7,4.0,270.0,2.0
2024-01-28,25.0,31.8,27.7,84.0,0.0,5.5,5.0,210.0,2.0
2024-01-29,25.2,29.4,26.2,92.0,0.0,4.6,3.0,40.0,1.0
2024-01-30,23.2,30.8,26.7,88.0,9.8,0.2,4.0,240.0,2.0
2024-01-31,23.0,30.4,28.3,76.0,19.4,2.4,4.0,280.0,2.0
2024-02-01,24.4,29.8,26.6,86.0,8888.0,1.3,4.0,220.0,2.0
2024-02-02,25.8,30.6,27.6,84.0,2.8,2.6,4.0,30.0,1.0
2024-02-03,25.2,31.6,27.9,79.0,0.0,5.0,3.0,200.0,1.0
2024-02-04,23.6,30.8,26.8,84.0,6.0,7.5,3.0,40.0,1.0
2024-02-05,24.6,31.8,27.5,85.0,0.0,3.2,3.0,270.0,1.0
2024-02-06,25.6,30.8,27.6,86.0,0.0,6.9,4.0,200.0,2.0
2024-02-07,25.6,31.0,27.9,84.0,0.0,2.7,5.0,110.0,2.0
2024-02-08,24.2,30.6,26.8,87.0,36.5,5.2,3.0,270.0,2.0
2024-02-09,24.8,31.0,27.3,86.0,0.0,10.3,4.0,210.0,1.0
2024-02-10,24.4,31.2,27.4,83.0,0.0,8.3,5.0,200.0,2.0
2024-02-11,24.8,30.8,27.7,86.0,1.5,8.0,4.0,210.0,2.0
2024-02-12,25.4,31.6,27.9,85.0,0.0,6.4,4.0,200.0,2.0
2024-02-13,24.2,31.4,28.1,84.0,0.0,5.8,4.0,240.0,2.0
2024-02-14,24.0,32.2,27.7,84.0,0.0,6.9,4.0,180.0,1.0
2024-02-15,23.8,32.6,27.5,82.0,6.9,6.7,4.0,170.0,1.0
2024-02-16,24.2,31.2,26.9,89.0,0.0,7.5,3.0,360.0,1.0
2024-02-17,23.8,33.0,26.8,90.0,0.0,4.7,4.0,190.0,2.0
2024-02-18,24.0,31.6,26.3,91.0,1.5,6.0,3.0,230.0,1.0
2024-02-19,23.4,31.8,26.6,88.0,26.8,4.8,3.0,130.0,2.0
2024-02-20,24.0,31.6,26.7,89.0,18.3,4.8,3.0,20.0,1.0
2024-02-21,23.6,32.0,27.4,86.0,0.5,5.0,3.0,10.0,1.0
2024-02-22,24.2,32.2,27.0,91.0,0.0,5.7,4.0,290.0,1.0
2024-02-23,24.4,31.8,27.6,88.0,3.3,5.5,4.0,180.0,1.0
2024-02-24,24.4,31.2,27.5,87.0,0.7,6.1,4.0,240.0,2.0
2024-02-25,26.4,29.0,27.2,92.0,0.8,5.5,3.0,170.0,1.0
2024-02-26,25.0,30.6,27.3,89.0,2.2,0.5,5.0,200.0,2.0
2024-02-27,24.8,29.8,25.9,92.0,2.4,1.7,6.0,160.0,2.0
2024-02-28,23.4,31.2,26.8,86.0,0.7,2.2,3.0,230.0,1.0
2024-02-29,25.2,32.0,27.9,83.0,8888.0,5.9,4.0,200.0,1.0
2024-03-01,24.4,31.4,26.7,91.0,1.0,4.0,3.0,310.0,1.0
2024-03-02,24.0,30.2,27.1,90.0,3.6,4.5,3.0,40.0,2.0
2024-03-03,23.8,30.6,27.0,87.0,8.0,4.5,4.0,220.0,1.0
2024-03-04,24.2,30.8,26.3,92.0,0.0,2.2,3.0,200.0,1.0
2024-03-05,24.2,30.6,27.1,86.0,3.5,3.1,3.0,300.0,1.0
2024-03-06,24.8,31.6,27.5,85.0,0.0,2.9,4.0,210.0,1.0
2024-03-07,24.4,31.4,28.0,84.0,1.0,7.6,5.0,210.0,2.0
2024-03-08,25.8,30.0,28.1,82.0,8888.0,8.5,4.0,180.0,2.0
2024-03-09,24.8,30.6,27.8,83.0,6.8,1.1,5.0,190.0,2.0
2024-03-10,25.4,32.2,28.3,80.0,1.2,1.7,4.0,200.0,2.0
2024-03-11,25.4,32.8,28.5,83.0,0.0,8.7,3.0,50.0,2.0
2024-03-12,25.4,32.8,28.8,79.0,0.0,8.6,4.0,180.0,2.0
2024-03-13,25.8,33.0,28.9,80.0,0.0,6.1,4.0,160.0,2.0
2024-03-14,23.6,31.2,27.0,84.0,3.2,8.4,3.0,330.0,2.0
2024-03-15,25.0,32.8,29.2,79.0,0.0,4.3,3.0,210.0,1.0
2024-03-16,24.2,32.4,27.0,86.0,0.0,8.0,5.0,270.0,1.0
2024-03-17,23.8,31.8,27.8,84.0,21.7,4.5,3.0,120.0,1.0
2024-03-18,24.4,31.8,26.8,90.0,0.0,4.6,3.0,220.0,1.0
2024-03-19,24.0,31.6,27.0,89.0,13.0,5.1,3.0,280.0,1.0
2024-03-20,24.0,31.0,26.7,90.0,0.0,5.1,2.0,110.0,1.0
2024-03-21,24.0,31.0,26.8,89.0,14.9,5.1,4.0,190.0,1.0
2024-03-22,23.7,33.2,27.4,85.0,20.6,3.8,3.0,120.0,1.0
2024-03-23,23.4,33.4,27.8,80.0,0.0,6.8,3.0,90.0,2.0
2024-03-24,24.4,32.2,27.1,90.0,8888.0,9.1,3.0,40.0,1.0
2024-03-25,24.2,28.8,26.5,93.0,0.6,7.0,2.0,90.0,1.0
2024-03-26,24.8,29.8,26.4,94.0,0.8,0.0,3.0,310.0,1.0
2024-03-27,24.2,30.2,26.5,92.0,36.4,2.3,3.0,170.0,1.0
2024-03-28,24.0,31.2,26.9,90.0,0.5,1.3,3.0,260.0,1.0
2024-03-29,24.2,33.4,27.6,86.0,14.5,4.6,3.0,210.0,1.0
2024-03-30,24.0,30.6,26.3,92.0,0.0,7.4,3.0,180.0,1.0
2024-03-31,23.6,31.8,27.5,84.0,1.4,4.7,4.0,80.0,2.0
2024-04-01,24.8,32.0,27.7,85.0,0.0,7.4,3.0,40.0,1.0
2024-04-02,25.0,33.4,28.2,84.0,1.0,4.5,4.0,220.0,1.0
2024-04-03,25.6,28.4,26.3,96.0,12.7,5.6,2.0,150.0,0.0
2024-04-04,25.0,28.6,26.7,92.0,6.4,0.0,3.0,50.0,1.0
2024-04-05,24.2,31.2,27.1,88.0,0.0,0.0,5.0,180.0,2.0
2024-04-06,24.8,28.8,26.4,92.0,8.8,5.5,3.0,160.0,1.0
2024-04-07,24.6,28.2,25.6,97.0,28.3,0.0,3.0,50.0,1.0
2024-04-08,24.2,30.2,27.0,89.0,70.5,0.0,3.0,310.0,1.0
2024-04-09,24.6,31.4,26.7,94.0,1.0,2.4,2.0,100.0,1.0
2024-04-10,24.4,32.2,27.3,89.0,30.5,2.8,3.0,70.0,1.0
2024-04-11,24.0,32.0,27.2,85.0,0.0,6.7,4.0,190.0,1.0
2024-04-12,23.6,32.0,27.1,83.0,0.0,6.1,3.0,10.0,2.0
2024-04-13,23.0,30.8,26.7,80.0,0.0,5.8,4.0,340.0,2.0
2024-04-14,23.0,31.0,27.2,77.0,0.0,6.4,4.0,180.0,2.0
2024-04-15,23.8,31.4,27.1,84.0,0.0,7.8,4.0,210.0,2.0
2024-04-16,24.2,31.8,27.6,82.0,8888.0,4.6,5.0,200.0,2.0
2024-04-17,24.0,32.4,27.6,82.0,8888.0,5.1,3.0,90.0,1.0
2024-04-18,24.0,31.8,27.3,81.0,0.0,8.7,3.0,280.0,1.0
2024-04-19,23.4,31.8,28.0,76.0,0.0,7.4,3.0,210.0,2.0
2024-04-20,23.2,32.0,26.5,84.0,0.0,6.2,4.0,90.0,2.0
2024-04-21,24.6,32.2,27.1,80.0,8888.0,3.3,4.0,310.0,1.0
2024-04-22,25.0,31.6,27.6,79.0,26.1,4.1,4.0,60.0,2.0
2024-04-23,24.2,31.8,27.0,86.0,0.0,5.7,4.0,160.0,2.0
2024-04-24,22.8,30.6,25.3,88.0,24.3,6.1,4.0,90.0,2.0
2024-04-25,23.4,30.9,26.7,81.0,1.5,2.5,6.0,80.0,2.0
2024-04-26,22.6,32.0,26.6,84.0,0.0,4.5,3.0,70.0,2.0
2024-04-27,23.2,32.4,27.6,78.0,0.0,5.9,4.0,20.0,1.0
2024-04-28,24.4,32.0,27.1,83.0,0.0,6.3,6.0,90.0,2.0
2024-04-29,24.2,32.2,27.0,82.0,0.0,8.5,4.0,40.0,2.0
2024-04-30,24.8,28.4,24.9,95.0,6.8,5.7,4.0,50.0,1.0
2024-05-01,23.6,31.0,26.7,86.0,22.6,0.0,3.0,340.0,1.0
2024-05-02,23.0,31.0,26.8,86.0,0.0,4.1,2.0,90.0,1.0
2024-05-03,24.8,31.6,27.0,86.0,0.0,3.6,6.0,70.0,1.0
2024-05-04,24.2,32.4,26.7,89.0,0.0,4.9,5.0,80.0,2.0
2024-05-05,23.3,32.2,26.8,82.0,0.0,5.1,7.0,90.0,2.0
2024-05-06,22.2,32.4,26.2,80.0,0.0,8.2,5.0,70.0,2.0
2024-05-07,22.6,31.8,26.4,84.0,0.0,9.3,3.0,160.0,1.0
2024-05-08,23.8,30.5,26.7,85.0,0.0,8.6,6.0,190.0,2.0
2024-05-09,24.4,29.6,25.9,94.0,4.3,3.5,5.0,190.0,1.0
2024-05-10,24.0,28.7,25.9,94.0,41.1,2.2,3.0,40.0,1.0
2024-05-11,22.8,31.4,26.4,88.0,19.3,0.0,7.0,90.0,2.0
2024-05-12,22.4,31.2,27.2,79.0,8888.0,6.1,4.0,160.0,1.0
2024-05-13,24.2,28.2,26.0,90.0,0.0,6.5,3.0,130.0,1.0
2024-05-14,22.6,32.0,27.2,73.0,0.0,0.0,6.0,100.0,3.0
2024-05-15,24.0,32.2,27.3,76.0,0.0,7.6,5.0,100.0,2.0
2024-05-16,22.8,31.6,26.5,79.0,0.0,8.6,5.0,100.0,2.0
2024-05-17,23.4,31.0,26.1,83.0,0.0,8.3,3.0,140.0,1.0
2024-05-18,23.0,30.0,26.7,81.0,0.0,1.3,3.0,60.0,2.0
2024-05-19,23.8,30.6,26.2,80.0,0.0,0.5,3.0,100.0,2.0
2024-05-20,22.4,32.0,26.2,79.0,0.0,5.4,4.0,110.0,2.0
2024-05-21,23.6,31.2,25.8,90.0,0.0,7.7,3.0,120.0,1.0
2024-05-22,24.2,31.6,26.6,83.0,2.2,3.6,8.0,100.0,2.0
2024-05-23,24.4,32.6,27.8,74.0,0.0,2.4,4.0,80.0,2.0
2024-05-24,24.6,31.0,26.9,84.0,0.0,2.9,3.0,70.0,1.0
2024-05-25,24.4,32.8,27.6,83.0,0.8,0.2,3.0,290.0,1.0
2024-05-26,23.6,29.2,25.8,94.0,0.0,5.4,2.0,120.0,1.0
2024-05-27,23.4,31.6,25.8,89.0,12.3,4.5,5.0,100.0,2.0
2024-05-28,22.4,32.4,26.3,88.0,2.3,4.1,3.0,290.0,1.0
2024-05-29,24.2,32.4,26.6,90.0,0.9,6.7,3.0,80.0,1.0
2024-05-30,24.0,31.2,27.1,88.0,0.5,1.6,2.0,100.0,1.0
2024-05-31,24.0,31.2,26.4,90.0,0.0,4.1,4.0,210.0,2.0
2024-06-01,23.8,31.8,26.8,88.0,4.0,6.6,3.0,240.0,1.0
2024-06-02,23.8,30.4,26.1,91.0,3.0,5.7,5.0,170.0,1.0
2024-06-03,24.0,26.3,24.9,98.0,0.3,4.2,2.0,40.0,1.0
2024-06-04,22.8,30.2,25.9,91.0,6.4,0.0,2.0,300.0,1.0
2024-06-05,23.6,32.6,27.5,83.0,0.4,3.3,4.0,90.0,1.0
2024-06-06,23.8,32.8,27.2,79.0,0.0,8.3,4.0,80.0,2.0
2024-06-07,24.0,32.5,27.2,80.0,0.0,6.3,3.0,70.0,1.0
2024-06-08,23.2,32.4,27.1,79.0,0.0,8.0,6.0,100.0,1.0
2024-06-09,22.0,30.6,26.0,83.0,0.0,8.4,5.0,190.0,2.0
2024-06-10,22.2,29.0,25.3,86.0,0.0,5.8,3.0,170.0,2.0
2024-06-11,24.0,30.6,26.7,86.0,0.6,0.0,4.0,150.0,1.0
2024-06-12,24.4,30.8,27.3,81.0,3.0,2.9,2.0,170.0,1.0
2024-06-13,24.4,31.7,27.4,80.0,8888.0,0.9,5.0,120.0,2.0
2024-06-14,22.6,31.4,26.2,80.0,0.0,4.5,4.0,90.0,1.0
2024-06-15,22.2,31.1,25.6,84.0,0.0,6.3,5.0,200.0,3.0
2024-06-16,24.8,29.8,26.5,84.0,0.0,7.1,2.0,190.0,1.0
2024-06-17,23.8,31.2,26.6,81.0,8.7,0.8,2.0,310.0,1.0
2024-06-18,23.4,32.2,27.1,77.0,0.0,1.2,4.0,90.0,2.0
2024-06-19,22.8,32.5,25.9,82.0,0.0,5.4,6.0,100.0,2.0
2024-06-20,24.2,31.8,26.8,79.0,0.0,3.7,7.0,100.0,2.0
2024-06-21,22.2,31.4,25.8,82.0,0.0,3.2,5.0,150.0,2.0
2024-06-22,23.0,32.6,26.8,77.0,0.0,6.5,4.0,70.0,2.0
2024-06-23,21.9,32.0,25.9,79.0,0.0,9.0,5.0,110.0,2.0
2024-06-24,22.4,32.2,26.8,74.0,0.0,7.5,4.0,120.0,3.0
2024-06-25,23.6,32.2,26.6,74.0,0.0,8.6,8.0,100.0,3.0
2024-06-26,22.2,32.6,26.5,75.0,0.0,8.0,7.0,100.0,2.0
2024-06-27,21.8,32.4,25.7,81.0,0.0,6.9,5.0,130.0,2.0
2024-06-28,22.6,32.8,26.7,81.0,0.0,6.1,3.0,80.0,1.0
2024-06-29,24.1,33.0,27.7,74.0,0.0,8.2,4.0,40.0,2.0
2024-06-30,23.6,32.8,28.2,69.0,0.0,8.8,5.0,70.0,2.0
2024-07-01,23.8,33.0,27.7,70.0,0.0,7.7,6.0,80.0,2.0
2024-07-02,23.0,33.0,27.0,73.0,0.0,9.3,5.0,70.0,2.0
2024-07-03,22.8,33.4,27.2,76.0,0.0,8.1,6.0,90.0,2.0
2024-07-04,24.6,32.6,27.8,75.0,0.8,8.2,4.0,110.0,2.0
2024-07-05,25.8,32.8,28.7,68.0,0.0,2.7,4.0,80.0,2.0
2024-07-06,22.4,32.8,26.5,72.0,0.0,7.7,9.0,80.0,3.0
2024-07-07,21.8,32.4,26.4,70.0,0.0,9.4,8.0,70.0,3.0
2024-07-08,21.6,33.2,26.6,74.0,0.0,8.9,7.0,100.0,3.0
2024-07-09,24.2,33.0,27.2,72.0,0.0,8.7,7.0,90.0,3.0
2024-07-10,23.4,32.8,27.7,70.0,0.0,8.6,6.0,90.0,3.0
2024-07-11,25.2,33.5,28.1,68.0,0.0,6.5,8.0,100.0,4.0
2024-07-12,24.2,34.0,27.7,67.0,0.0,8.6,7.0,90.0,2.0
2024-07-13,22.2,32.6,26.2,80.0,0.0,8.1,7.0,90.0,3.0
2024-07-14,22.6,34.2,27.1,75.0,0.0,6.4,7.0,120.0,2.0
2024-07-15,22.6,33.2,27.4,73.0,0.0,8.6,5.0,110.0,2.0
2024-07-16,22.0,33.8,26.9,73.0,0.0,5.9,6.0,80.0,3.0
2024-07-17,21.8,32.2,25.6,78.0,0.0,9.2,7.0,100.0,2.0
2024-07-18,21.2,32.4,26.450000000000003,74.0,0.0,6.3,6.0,90.0,2.0
2024-07-19,22.1,33.8,27.3,70.0,0.0,5.8,5.0,90.0,2.0
2024-07-20,21.8,33.0,26.8,70.0,0.0,8.9,5.0,90.0,2.0
2024-07-21,21.0,32.8,26.0,74.0,0.0,9.3,6.0,100.0,2.0
2024-07-22,21.6,33.0,26.2,72.0,0.0,9.1,5.0,90.0,2.0
2024-07-23,23.0,32.3,27.0,71.5,0.0,7.1,5.0,110.0,2.0
2024-07-24,24.4,31.6,27.8,71.0,0.0,5.1,5.0,130.0,2.0
2024-07-25,22.6,33.4,27.7,67.0,0.0,5.1,6.0,110.0,2.0
2024-07-26,21.8,33.8,27.3,70.0,0.0,9.2,4.0,70.0,2.0
2024-07-27,22.8,33.4,27.4,65.0,0.0,9.1,4.0,50.0,2.0
2024-07-28,21.8,32.8,26.4,73.0,0.0,9.4,4.0,60.0,2.0
2024-07-29,22.0,32.8,27.5,69.0,0.0,9.0,7.0,50.0,2.0
2024-07-30,22.4,31.8,26.1,74.0,0.0,9.1,6.0,90.0,2.0
2024-07-31,20.0,33.0,26.1,66.0,0.0,8.5,7.0,120.0,3.0
2024-08-01,22.2,33.6,27.6,62.0,0.0,8.8,6.0,70.0,3.0
2024-08-02,23.0,33.4,27.1,63.0,0.0,9.0,4.0,90.0,2.0
2024-08-03,20.8,32.4,26.0,72.0,0.0,9.3,7.0,70.0,3.0
2024-08-04,21.2,33.2,26.2,74.0,0.0,9.4,8.0,100.0,3.0
2024-08-05,22.2,33.2,27.1,71.0,0.0,8.5,5.0,40.0,2.0
2024-08-06,21.8,33.4,27.2,67.0,0.0,8.5,5.0,60.0,1.0
2024-08-07,21.6,32.2,26.2,75.0,0.0,8.9,3.0,230.0,1.0
2024-08-08,21.8,33.0,26.2,75.0,0.0,7.9,5.0,110.0,2.0
2024-08-09,23.0,33.0,26.8,78.0,0.0,8.8,4.0,50.0,1.0
2024-08-10,23.2,33.4,27.9,74.0,0.0,7.1,5.0,130.0,1.0
2024-08-11,24.2,32.8,27.6,72.0,0.0,5.1,7.0,90.0,3.0
2024-08-12,23.8,33.8,27.9,70.0,0.0,4.2,5.0,60.0,2.0
2024-08-13,23.0,33.6,27.6,74.0,0.0,8.9,7.0,90.0,2.0
2024-08-14,22.8,33.8,27.6,70.0,0.0,7.3,4.0,110.0,2.0
2024-08-15,22.6,33.6,27.6,70.0,0.0,6.4,6.0,70.0,2.0
2024-08-16,23.2,34.2,27.6,69.0,0.0,8.8,8.0,90.0,2.0
2024-08-17,23.4,34.1,28.1,63.0,0.0,8.6,5.0,200.0,2.0
2024-08-18,22.8,33.8,27.7,68.0,0.0,8.4,7.0,100.0,2.0
2024-08-19,23.6,33.8,28.0,67.0,0.0,7.0,5.0,40.0,2.0
2024-08-20,22.6,33.8,27.6,67.0,0.0,8.0,4.0,90.0,2.0
2024-08-21,22.0,33.4,27.1,70.0,0.0,8.1,6.0,100.0,2.0
2024-08-22,21.0,33.6,26.7,75.0,0.0,8.3,7.0,90.0,1.0
2024-08-23,22.4,34.3,26.9,77.0,0.0,8.6,5.0,220.0,2.0
2024-08-24,22.0,35.2,27.3,70.0,0.0,8.3,6.0,100.0,2.0
2024-08-25,22.4,34.0,27.2,72.0,0.0,8.5,3.0,300.0,1.0
2024-08-26,22.0,34.0,26.5,74.0,0.0,8.6,5.0,30.0,2.0
2024-08-27,21.6,35.0,27.2,71.0,0.0,8.7,6.0,90.0,2.0
2024-08-28,22.0,33.8,27.1,72.0,0.0,8.5,6.0,90.0,2.0
2024-08-29,22.0,32.5,26.4,78.0,0.0,8.8,6.0,150.0,2.0
2024-08-30,22.2,34.0,27.3,74.0,0.0,4.9,4.0,110.0,2.0
2024-08-31,22.2,34.0,26.6,77.0,0.0,7.6,4.0,140.0,2.0
2024-09-01,23.0,33.6,28.1,76.0,0.0,7.8,7.0,90.0,3.0
2024-09-02,24.4,34.0,28.6,73.0,0.0,6.9,4.0,100.0,2.0
2024-09-03,22.6,33.2,27.9,77.0,0.0,8.0,6.0,180.0,2.0
2024-09-04,23.6,33.9,28.8,74.0,0.0,8.7,5.0,220.0,2.0
2024-09-05,23.0,34.6,28.0,71.0,0.0,9.2,3.0,100.0,2.0
2024-09-06,24.2,35.0,29.6,66.0,0.0,8.8,4.0,70.0,2.0
2024-09-07,23.6,34.0,27.9,73.0,0.0,8.9,4.0,140.0,1.0
2024-09-08,23.2,36.0,29.2,64.0,0.0,8.7,7.0,70.0,2.0
2024-09-09,23.2,34.0,27.5,76.0,0.0,9.0,6.0,60.0,2.0
2024-09-10,23.0,35.1,28.1,72.0,0.0,8.7,5.0,320.0,2.0
2024-09-11,22.8,34.4,27.7,75.0,0.0,8.0,4.0,270.0,2.0
2024-09-12,24.0,36.0,29.3,70.0,0.0,7.5,5.0,90.0,2.0
2024-09-13,24.8,35.8,29.1,70.0,0.0,8.9,5.0,20.0,2.0
2024-09-14,24.2,35.6,29.6,70.0,0.0,9.0,8.0,80.0,3.0
2024-09-15,23.2,36.2,29.0,66.0,0.0,9.0,7.0,90.0,2.0
2024-09-16,23.8,35.7,29.0,70.0,0.0,9.8,5.0,80.0,2.0
2024-09-17,24.8,35.2,29.5,69.0,0.0,7.8,6.0,110.0,2.0
2024-09-18,24.6,35.4,29.2,71.0,0.0,8.4,5.0,210.0,2.0
2024-09-19,24.0,35.0,28.3,74.0,0.0,9.5,4.0,90.0,2.0
2024-09-20,23.6,34.0,28.5,74.0,0.0,9.4,6.0,80.0,2.0
2024-09-21,23.4,33.4,28.6,73.0,0.0,9.0,6.0,200.0,2.0
2024-09-22,23.4,33.4,28.700000000000003,73.5,0.25,7.4,5.5,200.0,2.0
2024-09-23,23.4,33.4,28.8,74.0,0.5,5.8,5.0,200.0,2.0
2024-09-24,21.8,33.6,28.0,68.0,0.0,9.3,4.0,190.0,2.0
2024-09-25,21.8,33.4,27.7,73.0,0.0,9.4,5.0,200.0,2.0
2024-09-26,21.8,33.2,28.4,70.0,0.0,9.2,7.0,90.0,3.0
2024-09-27,23.4,34.8,28.3,72.0,0.0,9.3,6.0,260.0,2.0
2024-09-28,23.6,35.1,28.7,72.0,0.0,9.4,6.0,250.0,2.0
2024-09-29,23.2,34.0,29.2,70.0,0.0,7.0,4.0,210.0,2.0
2024-09-30,24.4,34.4,29.3,73.0,0.0,9.2,4.0,220.0,2.0
2024-10-01,25.6,30.6,26.7,86.0,8888.0,8.4,4.0,170.0,2.0
2024-10-02,24.4,30.4,26.3,90.0,2.0,1.6,4.0,180.0,1.0
2024-10-03,24.4,33.2,28.1,80.0,10.5,2.0,5.0,100.0,1.0
2024-10-04,23.8,35.4,28.5,68.0,8888.0,5.9,4.0,200.0,2.0
2024-10-05,22.8,34.6,28.4,68.0,0.0,8.8,4.0,230.0,2.0
2024-10-06,22.8,33.0,28.0,75.0,0.0,9.3,5.0,230.0,2.0
2024-10-07,23.4,34.2,28.4,72.0,0.0,9.0,5.0,210.0,2.0
2024-10-08,23.2,33.4,28.3,74.0,0.0,9.1,6.0,200.0,2.0
2024-10-09,24.0,34.2,28.2,71.0,0.0,8.7,7.0,100.0,2.0
2024-10-10,22.6,33.5,27.7,68.0,0.0,8.8,4.0,190.0,2.0
2024-10-11,22.0,34.2,28.3,68.0,0.0,8.6,4.0,210.0,2.0
2024-10-12,23.8,33.8,28.7,71.0,0.0,9.5,5.0,170.0,2.0
2024-10-13,24.0,33.4,28.8,73.0,0.0,7.3,5.0,190.0,2.0
2024-10-14,24.4,34.0,29.6,70.0,0.0,8.7,8.0,180.0,2.0
2024-10-15,25.4,34.2,29.5,70.0,0.0,8.6,7.0,170.0,2.0
2024-10-16,24.8,34.4,29.8,72.0,0.0,9.1,5.0,200.0,2.0
2024-10-17,25.6,33.6,29.7,78.0,0.0,8.3,4.0,210.0,2.0
2024-10-18,26.4,32.0,28.2,81.0,0.5,6.5,4.0,210.0,2.0
2024-10-19,25.0,35.0,29.3,69.0,0.0,3.5,5.0,220.0,2.0
2024-10-20,24.2,35.0,29.9,69.0,0.0,7.9,8.0,100.0,3.0
2024-10-21,25.4,34.6,29.7,70.0,0.0,6.6,7.0,100.0,2.0
2024-10-22,25.4,34.1,29.8,75.0,0.0,8.4,3.0,340.0,2.0
2024-10-23,26.0,34.2,29.5,78.0,8888.0,5.7,4.0,220.0,1.0
2024-10-24,26.0,32.4,28.5,80.0,0.8,7.3,4.0,50.0,2.0
2024-10-25,25.4,33.4,28.6,79.0,0.5,3.3,5.0,220.0,2.0
2024-10-26,24.8,33.8,28.0,81.0,8888.0,4.6,4.0,210.0,2.0
2024-10-27,24.8,34.4,29.4,75.0,0.8,4.9,5.0,200.0,2.0
2024-10-28,26.0,34.2,27.4,87.0,0.0,5.5,4.0,240.0,2.0
2024-10-29,24.4,33.2,28.3,81.0,32.4,4.9,4.0,210.0,1.0
2024-10-30,25.0,33.2,28.4,81.0,2.4,5.6,4.0,180.0,2.0
2024-10-31,25.0,34.0,29.4,76.0,8888.0,3.6,5.0,210.0,2.0
2024-11-01,24.8,33.0,28.6,84.0,8888.0,1.2,3.0,70.0,1.0
2024-11-02,25.2,34.6,29.7,75.0,0.0,5.9,2.0,160.0,1.0
2024-11-03,25.1,33.0,28.9,74.0,0.0,8.3,2.0,240.0,1.0
2024-11-04,25.2,31.0,28.0,77.0,0.2,3.1,2.0,260.0,1.0
2024-11-05,24.8,34.5,29.3,70.0,0.0,0.0,3.0,240.0,1.0
2024-11-06,25.0,34.4,29.1,78.0,0.0,5.9,3.0,220.0,1.0
2024-11-07,24.8,32.2,28.4,79.0,8888.0,6.0,2.0,90.0,0.0
2024-11-08,25.3,30.6,28.0,85.0,0.2,0.7,2.0,80.0,1.0
2024-11-09,25.0,30.5,27.3,82.0,8888.0,0.0,2.0,220.0,1.0
2024-11-10,23.4,32.7,26.6,81.0,0.0,0.0,3.0,230.0,1.0
2024-11-11,22.6,32.2,26.8,82.0,1.0,4.5,2.0,260.0,1.0
2024-11-12,23.4,32.2,27.2,82.0,0.0,2.3,3.0,90.0,1.0
2024-11-13,24.3,33.2,28.0,83.0,8888.0,6.0,2.0,120.0,1.0
2024-11-14,25.8,34.7,29.2,78.0,8888.0,7.5,2.0,90.0,1.0
2024-11-15,25.0,34.0,28.2,82.0,0.0,7.2,2.0,60.0,1.0
2024-11-16,25.0,32.0,27.9,88.0,15.3,2.2,2.0,70.0,1.0
2024-11-17,25.0,32.2,27.5,89.0,1.0,1.2,4.0,140.0,1.0
2024-11-18,24.4,31.4,27.5,88.0,7.5,5.3,3.0,100.0,1.0
2024-11-19,24.2,31.7,27.7,82.0,1.0,5.9,3.0,130.0,1.0
2024-11-20,24.8,33.2,27.5,86.0,0.0,3.0,2.0,250.0,1.0
2024-11-21,24.6,30.8,27.2,86.0,3.9,5.4,3.0,60.0,1.0
2024-11-22,24.5,33.2,27.8,82.0,1.6,2.3,2.0,240.0,1.0
2024-11-23,24.2,33.3,28.2,83.0,8888.0,4.8,3.0,70.0,1.0
2024-11-24,24.0,33.2,27.2,85.0,8888.0,4.3,3.0,300.0,1.0
2024-11-25,25.0,31.0,27.5,88.0,4.1,5.8,3.0,100.0,1.0
2024-11-26,24.9,31.4,27.7,83.0,0.6,4.3,3.0,110.0,1.0
2024-11-27,25.4,30.4,26.8,90.0,8.9,5.1,1.0,60.0,0.0
2024-11-28,24.3,30.8,26.7,88.0,4.8,1.2,2.0,120.0,0.0
2024-11-29,24.6,31.0,27.2,90.0,8888.0,1.5,2.0,70.0,1.0
2024-11-30,24.4,32.0,27.0,89.0,10.0,1.0,3.0,60.0,1.0
2024-12-01,24.2,29.3,26.2,92.0,7.0,5.5,2.0,60.0,1.0
2024-12-02,24.2,29.4,26.1,91.0,2.9,0.5,3.0,80.0,1.0
2024-12-03,24.8,32.4,27.5,87.0,7.9,0.8,2.0,130.0,1.0
2024-12-04,24.2,32.4,27.3,84.0,4.5,3.9,1.0,230.0,0.0
2024-12-05,24.4,31.2,27.2,84.0,0.1,1.8,3.0,60.0,1.0
2024-12-06,24.1,31.4,27.2,84.0,0.0,1.0,3.0,60.0,1.0
2024-12-07,24.4,31.2,27.9,86.0,1.1,1.5,3.0,50.0,1.0
2024-12-08,25.4,31.4,27.6,88.0,0.4,5.2,2.0,110.0,1.0
2024-12-09,25.4,33.4,28.3,82.0,0.0,2.6,2.0,250.0,1.0
2024-12-10,25.4,31.0,27.7,82.0,8888.0,3.0,2.0,220.0,1.0
2024-12-11,25.1,32.4,28.0,81.0,8888.0,0.0,2.0,130.0,0.0
2024-12-12,25.4,33.2,28.6,82.0,0.0,2.0,3.0,60.0,1.0
2024-12-13,25.6,31.3,27.7,86.0,1.1,5.8,3.0,120.0,1.0
2024-12-14,24.2,31.3,26.8,84.0,8.2,0.5,3.0,220.0,1.0
2024-12-15,25.0,33.6,29.3,70.0,0.0,1.2,2.0,250.0,1.0
2024-12-16,24.6,34.0,28.4,80.0,3.2,3.9,2.0,120.0,0.0
2024-12-17,26.2,32.0,28.6,80.0,8888.0,4.4,2.0,30.0,1.0
2024-12-18,24.6,32.4,28.0,83.0,0.0,0.0,3.0,120.0,1.0
2024-12-19,25.4,34.2,28.8,79.0,8888.0,8.0,2.0,220.0,1.0
2024-12-20,25.0,34.7,29.2,73.0,0.0,4.2,3.0,220.0,1.0
2024-12-21,26.2,31.8,28.5,84.0,8888.0,6.5,4.0,70.0,1.0
2024-12-22,24.4,31.8,27.3,89.0,39.5,1.8,5.0,250.0,1.0
2024-12-23,25.1,31.2,27.4,88.0,14.8,4.4,3.0,120.0,1.0
2024-12-24,24.4,32.5,27.3,88.0,0.2,3.0,2.0,130.0,1.0
2024-12-25,25.0,31.0,27.0,89.0,0.3,2.2,3.0,80.0,1.0
2024-12-26,25.1,30.1,27.3,87.0,8888.0,0.8,2.0,190.0,1.0
2024-12-27,25.0,31.8,27.0,88.0,0.0,0.0,2.0,90.0,0.0
2024-12-28,23.9,30.6,27.0,89.0,42.6,3.9,3.0,120.0,1.0
2024-12-29,24.1,31.5,27.0,87.0,1.0,1.4,3.0,60.0,1.0
2024-12-30,24.6,31.7,27.3,85.0,17.3,3.8,3.0,130.0,1.0
2024-12-31,24.6,32.9,27.9,81.0,12.0,3.2,2.0,60.0,1.0
2025-01-01,23.8,34.0,27.3,84.0,24.3,6.5,2.0,230.0,1.0
2025-01-02,23.8,30.4,26.4,92.0,100.9,7.5,2.0,50.0,1.0
2025-01-03,23.6,33.6,26.9,85.0,0.4,2.1,3.0,90.0,1.0
2025-01-04,24.0,33.5,27.5,84.0,14.2,5.6,2.0,60.0,1.0
2025-01-05,25.2,32.8,28.3,81.0,0.3,1.4,4.0,80.0,1.0
2025-01-06,24.8,30.6,26.6,90.0,3.8,6.8,2.0,50.0,0.0
2025-01-07,24.9,32.0,27.3,87.0,1.0,0.9,2.0,260.0,0.0
2025-01-08,24.6,32.2,27.0,87.0,1.8,3.4,3.0,120.0,0.0
2025-01-09,24.6,31.1,27.6,88.0,0.8,5.2,2.0,60.0,1.0
2025-01-10,26.0,31.4,27.7,88.0,8888.0,0.7,3.0,120.0,1.0
2025-01-11,24.8,32.6,27.7,83.0,3.3,5.8,2.0,100.0,1.0
2025-01-12,25.0,32.5,27.2,86.0,0.1,5.8,2.0,140.0,1.0
2025-01-13,25.0,33.3,28.2,83.0,8888.0,6.7,3.0,140.0,1.0
2025-01-14,25.0,33.2,28.5,81.0,2.7,8.9,3.0,110.0,1.0
2025-01-15,24.6,31.8,28.0,84.0,18.2,8.2,3.0,110.0,1.0
2025-01-16,25.6,32.2,27.7,86.0,0.0,7.4,3.0,60.0,1.0
2025-01-17,25.0,31.8,27.5,86.0,26.3,3.4,3.0,60.0,1.0
2025-01-18,24.6,29.6,26.7,88.0,0.0,4.9,3.0,120.0,1.0
2025-01-19,24.4,31.8,27.6,85.0,0.0,2.6,3.0,110.0,1.0
2025-01-20,24.2,32.0,27.7,81.0,6.1,6.2,3.0,70.0,1.0
2025-01-21,24.5,32.6,28.5,82.0,0.0,7.8,3.0,130.0,1.0
2025-01-22,25.4,31.8,28.1,85.0,0.5,7.5,3.0,70.0,1.0
2025-01-23,25.2,33.0,28.5,83.0,8888.0,4.8,3.0,70.0,1.0
2025-01-24,24.0,33.0,28.1,86.0,16.0,7.9,2.0,100.0,1.0
2025-01-25,24.0,31.8,26.8,89.0,1.0,6.1,2.0,120.0,1.0
2025-01-26,24.6,32.4,27.2,87.0,11.7,1.5,2.0,260.0,1.0
2025-01-27,24.7,33.8,28.5,82.0,9.0,1.2,2.0,220.0,1.0
2025-01-28,25.3,33.8,27.9,84.0,8888.0,5.4,3.0,130.0,1.0
2025-01-29,25.0,32.3,27.2,87.0,0.9,5.8,3.0,70.0,1.0
2025-01-30,24.6,32.4,27.0,87.0,29.0,5.2,3.0,70.0,1.0
2025-01-31,25.0,31.2,27.1,87.0,30.4,6.3,4.0,70.0,1.0
2025-02-01,24.6,32.4,27.1,82.0,8888.0,4.8,3.0,140.0,1.0
2025-02-02,24.2,32.5,27.5,82.0,15.5,7.7,3.0,120.0,1.0
2025-02-03,24.4,28.8,26.5,88.0,0.3,3.1,2.0,100.0,0.0
2025-02-04,24.4,31.8,26.5,90.0,8888.0,0.0,3.0,100.0,1.0
2025-02-05,23.9,34.0,27.9,80.0,1.3,3.9,2.0,230.0,1.0
2025-02-06,24.5,32.0,27.8,82.0,0.0,8.4,2.0,70.0,1.0
2025-02-07,23.6,34.9,28.9,77.0,0.0,2.0,2.0,250.0,1.0
2025-02-08,24.4,34.1,28.8,76.0,0.0,9.7,2.0,220.0,1.0
2025-02-09,24.4,33.0,28.2,82.0,0.0,7.6,3.0,60.0,1.0
2025-02-10,26.2,31.6,28.5,86.0,0.4,7.8,3.0,130.0,1.0
2025-02-11,25.2,32.2,28.3,84.0,8888.0,3.9,3.0,130.0,1.0
2025-02-12,25.6,28.6,26.8,90.0,8888.0,8.4,1.0,60.0,0.0
2025-02-13,25.4,32.6,28.0,84.0,4.2,0.0,3.0,80.0,1.0
2025-02-14,25.4,30.4,26.8,88.0,8888.0,6.5,2.0,80.0,0.0
2025-02-15,24.2,32.2,28.2,82.0,24.2,0.7,3.0,120.0,1.0
2025-02-16,25.1,32.4,27.9,86.0,0.0,7.9,3.0,70.0,1.0
2025-02-17,24.8,32.6,28.2,84.0,8888.0,3.2,3.0,60.0,1.0
2025-02-18,25.2,31.5,28.2,86.0,0.0,7.4,3.0,100.0,1.0
2025-02-19,25.8,30.8,28.0,86.0,0.0,7.4,2.0,100.0,1.0
2025-02-20,26.4,29.4,27.5,87.0,0.1,4.2,3.0,70.0,1.0
2025-02-21,24.9,31.6,27.7,85.0,3.4,0.6,3.0,110.0,1.0
2025-02-22,24.4,32.4,27.9,85.0,2.8,5.4,2.0,110.0,1.0
2025-02-23,25.4,33.0,28.6,84.0,8888.0,9.5,2.0,160.0,1.0
2025-02-24,26.0,32.8,28.3,84.0,2.8,7.5,3.0,120.0,1.0
2025-02-25,25.4,30.0,27.2,90.0,0.4,4.6,2.0,130.0,0.0
2025-02-26,25.2,32.6,27.8,86.0,2.4,4.0,2.0,60.0,1.0
2025-02-27,25.6,32.0,28.1,85.0,4.5,3.8,3.0,130.0,1.0
2025-02-28,25.0,32.7,28.3,81.0,8888.0,6.0,2.0,130.0,1.0
2025-03-01,25.6,32.0,28.7,84.0,0.0,8.9,2.0,80.0,1.0
2025-03-02,25.4,31.8,28.4,86.0,3.5,4.1,2.0,200.0,1.0
2025-03-03,25.7,31.2,27.3,90.0,12.9,3.8,2.0,50.0,1.0
2025-03-04,25.6,29.7,27.5,90.0,6.9,3.5,2.0,120.0,0.0
2025-03-05,24.4,30.4,27.0,91.0,24.3,0.0,2.0,260.0,0.0
2025-03-06,24.0,32.0,27.6,88.0,7.0,1.2,2.0,260.0,1.0
2025-03-07,24.8,32.0,27.9,85.0,0.9,1.9,2.0,160.0,0.0
2025-03-08,25.8,31.2,27.4,91.0,4.4,4.6,3.0,110.0,0.0
2025-03-09,25.6,32.1,28.5,82.0,6.4,3.0,3.0,130.0,1.0
2025-03-10,26.0,32.6,28.1,87.0,0.4,7.4,2.0,80.0,0.0
2025-03-11,25.4,32.2,28.1,85.0,0.5,5.7,2.0,100.0,1.0
2025-03-12,26.3,32.5,28.3,83.0,0.2,6.5,2.0,80.0,1.0
2025-03-13,25.6,32.2,28.5,82.0,0.0,8.5,3.0,110.0,1.0
2025-03-14,23.4,32.5,27.9,81.0,0.0,8.4,3.0,100.0,1.0
2025-03-15,24.0,32.4,28.6,80.0,0.0,6.1,2.0,260.0,1.0
2025-03-16,26.2,32.0,28.0,85.0,8888.0,5.0,2.0,130.0,0.0
2025-03-17,26.0,30.9,28.0,86.0,8888.0,2.5,2.0,80.0,1.0
2025-03-18,26.2,31.6,28.1,84.0,0.5,2.7,2.0,110.0,1.0
2025-03-19,24.8,31.1,27.3,85.0,0.0,1.7,2.0,90.0,1.0
2025-03-20,25.0,31.9,27.7,84.0,8888.0,4.6,2.0,120.0,1.0
2025-03-21,24.8,31.6,27.5,82.0,0.0,6.7,3.0,120.0,1.0
2025-03-22,25.8,31.4,27.3,89.0,5.4,7.2,3.0,90.0,1.0
2025-03-23,25.2,31.8,27.7,85.0,31.0,2.0,4.0,140.0,1.0
2025-03-24,24.0,31.2,27.5,84.0,8888.0,4.8,3.0,110.0,1.0
2025-03-25,23.8,30.2,26.5,86.0,2.8,4.9,2.0,100.0,1.0
2025-03-26,23.8,31.3,27.2,84.0,0.4,0.9,2.0,100.0,1.0
2025-03-27,24.4,31.4,27.7,81.0,0.0,5.0,2.0,90.0,1.0
2025-03-28,25.2,31.7,27.8,80.0,0.0,7.5,3.0,100.0,1.0
2025-03-29,26.2,30.6,28.4,77.0,8888.0,4.5,3.0,110.0,1.0
2025-03-30,26.4,31.8,28.3,81.0,0.1,2.1,3.0,120.0,1.0
2025-03-31,25.2,28.4,25.6,93.0,8888.0,5.8,1.0,80.0,0.0
2025-04-01,24.8,30.9,26.9,88.0,13.2,0.0,3.0,110.0,1.0
2025-04-02,24.4,31.5,27.5,86.0,8888.0,3.5,2.0,90.0,1.0
2025-04-03,25.4,32.0,28.2,82.0,0.6,5.0,3.0,110.0,1.0
2025-04-04,25.0,30.8,27.0,89.0,0.0,8.1,3.0,120.0,1.0
2025-04-05,24.6,31.8,27.7,81.0,0.6,4.4,3.0,120.0,1.0
2025-04-06,23.4,32.0,27.2,80.0,0.0,8.9,3.0,110.0,1.0
2025-04-07,22.4,32.0,27.0,82.0,0.0,9.1,2.0,120.0,1.0
2025-04-08,22.1,31.4,27.6,84.0,0.0,8.1,2.0,120.0,0.0
2025-04-09,25.0,31.9,27.8,87.0,0.0,3.2,2.0,100.0,0.0
2025-04-10,24.6,30.7,27.1,88.0,8.9,5.8,3.0,100.0,1.0
2025-04-11,25.1,26.8,25.3,95.0,42.7,4.6,0.0,180.0,0.0
2025-04-12,24.4,29.8,26.4,89.0,54.5,0.0,1.0,260.0,0.0
2025-04-13,24.6,26.6,25.3,94.0,4.3,2.0,1.0,60.0,0.0
2025-04-14,24.4,31.0,27.2,83.0,30.0,0.0,2.0,100.0,1.0
2025-04-15,24.2,31.2,27.2,83.0,0.0,7.0,3.0,110.0,1.0
2025-04-16,22.8,31.5,26.6,81.0,0.0,4.2,2.0,110.0,1.0
2025-04-17,24.4,30.8,26.7,86.0,0.0,9.7,3.0,70.0,1.0
2025-04-18,24.2,30.9,26.4,88.0,2.8,4.0,2.0,100.0,1.0
2025-04-19,24.4,30.4,27.0,86.0,8888.0,0.4,3.0,60.0,1.0
2025-04-20,24.0,31.4,26.9,83.0,0.0,1.9,2.0,150.0,1.0
2025-04-21,23.8,31.9,27.1,84.0,0.0,1.1,2.0,120.0,1.0
2025-04-22,25.0,30.4,27.3,82.0,0.0,5.0,3.0,110.0,1.0
2025-04-23,24.6,30.2,26.7,88.0,0.0,1.5,2.0,100.0,0.0
2025-04-24,25.2,30.8,27.2,86.0,0.0,1.3,2.0,100.0,1.0
2025-04-25,24.8,31.2,27.6,83.0,6.6,4.2,2.0,130.0,1.0
2025-04-26,25.6,31.4,27.9,86.0,3.1,5.6,2.0,110.0,1.0
2025-04-27,24.4,31.1,27.3,86.0,8888.0,7.3,3.0,120.0,1.0
2025-04-28,24.0,30.0,27.0,88.0,0.0,6.7,2.0,120.0,1.0
2025-04-29,24.1,30.8,27.1,86.0,0.0,3.2,2.0,70.0,1.0
2025-04-30,25.4,32.0,28.0,84.0,8888.0,2.7,2.0,120.0,1.0
2025-05-01,25.3,32.0,28.0,86.0,0.0,6.6,3.0,70.0,1.0
2025-05-02,25.4,31.2,27.9,85.0,0.0,7.9,2.0,130.0,1.0
2025-05-03,25.0,31.5,27.8,86.0,0.0,7.6,3.0,100.0,1.0
2025-05-04,25.3,31.3,27.2,87.0,8888.0,5.5,3.0,100.0,1.0
2025-05-05,24.0,31.6,27.5,84.0,2.0,5.2,2.0,110.0,1.0
2025-05-06,24.4,31.6,27.2,86.0,4.2,5.7,2.0,70.0,0.0
2025-05-07,25.0,30.8,26.5,90.0,1.5,3.3,2.0,110.0,0.0
2025-05-08,24.2,31.6,27.5,80.0,1.4,2.1,4.0,210.0,1.0
2025-05-09,23.8,32.0,27.2,76.0,8888.0,8.6,3.0,120.0,1.0
2025-05-10,24.2,32.4,27.7,77.0,0.0,8.7,2.0,120.0,1.0
2025-05-11,23.2,28.9,25.9,86.0,0.0,8.6,1.0,270.0,0.0
2025-05-12,24.4,28.6,26.4,89.0,8888.0,0.0,1.0,160.0,0.0
2025-05-13,25.0,26.6,25.4,94.0,82.6,0.9,1.0,80.0,0.0
2025-05-14,24.2,27.2,25.4,92.0,36.5,0.0,2.0,100.0,0.0
2025-05-15,22.7,31.6,26.5,84.0,5.4,0.0,2.0,120.0,1.0
2025-05-16,24.2,30.3,26.6,86.0,0.0,7.0,2.0,70.0,0.0
2025-05-17,24.4,28.7,25.9,89.0,8888.0,2.2,2.0,160.0,1.0
2025-05-18,23.8,29.0,26.3,85.0,1.0,0.0,3.0,60.0,0.0
2025-05-19,24.0,30.1,26.7,84.0,0.2,0.6,2.0,110.0,1.0
2025-05-20,23.6,31.0,27.4,82.0,8888.0,3.2,2.0,100.0,1.0
2025-05-21,24.6,31.6,27.3,83.0,8888.0,6.2,3.0,100.0,1.0
2025-05-22,24.8,31.0,27.3,79.0,0.5,3.9,3.0,140.0,1.0
2025-05-23,24.4,30.7,27.0,80.0,8888.0,7.5,2.0,120.0,1.0
2025-05-24,23.7,31.6,26.7,79.0,0.0,6.8,3.0,120.0,1.0
2025-05-25,23.2,31.6,26.0,82.0,8888.0,6.8,3.0,120.0,1.0
2025-05-26,25.2,30.2,27.1,80.0,0.1,6.4,3.0,120.0,1.0
2025-05-27,25.4,29.7,27.1,82.0,0.3,5.6,3.0,120.0,1.0
2025-05-28,24.0,31.4,26.9,80.0,0.0,3.1,3.0,110.0,1.0
2025-05-29,23.8,31.0,26.8,81.0,0.0,8.1,2.0,80.0,1.0
2025-05-30,24.0,31.3,27.1,79.0,0.0,8.6,3.0,110.0,1.0
2025-05-31,23.8,30.7,27.1,81.0,8888.0,7.9,2.0,110.0,1.0
2025-06-01,24.4,30.5,26.9,81.0,1.6,3.3,3.0,130.0,1.0
2025-06-02,25.0,31.4,27.7,79.0,0.9,2.7,3.0,130.0,1.0
2025-06-03,23.5,31.4,26.8,82.0,0.0,8.0,3.0,120.0,1.0
2025-06-04,23.8,31.2,27.5,82.0,4.5,8.0,3.0,110.0,1.0
2025-06-05,24.6,30.8,27.0,81.0,2.7,4.7,3.0,110.0,1.0
2025-06-06,24.4,28.9,25.7,87.0,8888.0,1.5,2.0,160.0,1.0
2025-06-07,24.0,30.6,26.9,76.0,1.0,2.9,3.0,110.0,1.0
2025-06-08,21.6,30.4,25.2,82.0,0.5,6.7,3.0,110.0,1.0
2025-06-09,19.0,30.7,27.3,80.0,0.0,4.9,3.0,160.0,1.0
2025-06-10,25.0,29.4,26.8,82.0,8888.0,3.2,2.0,110.0,1.0
2025-06-11,24.6,31.4,27.1,80.0,0.0,0.6,3.0,110.0,1.0
2025-06-12,24.4,30.2,27.0,79.0,8888.0,6.5,2.0,120.0,0.0
2025-06-13,24.0,31.0,27.0,80.0,0.0,0.4,3.0,110.0,1.0
2025-06-14,24.4,31.3,27.4,77.0,0.0,5.3,3.0,150.0,1.0
2025-06-15,23.6,31.0,27.2,80.0,0.0,5.9,3.0,110.0,1.0
2025-06-16,23.8,31.6,27.0,77.0,0.0,6.9,3.0,100.0,1.0
2025-06-17,21.6,30.6,26.5,78.0,0.0,8.3,3.0,100.0,1.0
2025-06-18,21.8,30.6,25.7,81.0,0.0,7.6,3.0,130.0,1.0
2025-06-19,22.2,31.4,26.1,76.0,0.0,6.0,5.0,120.0,2.0
2025-06-20,22.1,31.0,25.8,79.0,0.0,9.4,3.0,110.0,1.0
2025-06-21,21.8,32.6,25.9,79.0,0.0,6.7,3.0,110.0,1.0
2025-06-22,23.1,31.2,26.6,77.0,0.0,9.0,4.0,60.0,1.0
2025-06-23,23.75,30.5,26.6,81.0,16.7,4.65,3.5,90.0,1.0
2025-06-24,24.4,29.8,26.6,85.0,33.4,0.3,3.0,120.0,1.0
2025-06-25,23.8,31.0,26.6,80.0,2.0,3.6,5.0,110.0,1.0
2025-06-26,22.0,31.4,26.4,77.0,0.0,9.1,3.0,110.0,1.0
2025-06-27,23.2,30.8,26.6,76.0,0.0,9.3,3.0,110.0,1.0
2025-06-28,22.0,30.6,26.4,76.0,0.0,8.5,5.0,140.0,1.0
2025-06-29,22.4,31.4,26.4,74.0,8888.0,9.3,3.0,100.0,1.0
2025-06-30,21.8,30.3,25.6,78.0,0.0,9.6,3.0,110.0,1.0
2025-07-01,21.8,30.8,25.9,78.0,0.0,9.7,3.0,110.0,1.0
2025-07-02,21.4,31.1,25.5,79.0,0.0,8.0,3.0,120.0,1.0
2025-07-03,21.8,31.4,25.5,76.0,0.0,8.3,3.0,120.0,1.0
2025-07-04,21.0,31.0,25.5,77.0,0.0,9.5,2.0,110.0,1.0
2025-07-05,22.2,30.9,26.2,80.0,0.0,9.4,3.0,120.0,1.0
2025-07-06,22.8,31.4,27.0,76.0,0.0,8.7,4.0,110.0,1.0
2025-07-07,22.0,31.7,26.1,78.0,0.0,9.8,3.0,130.0,1.0
2025-07-08,21.7,31.2,26.2,75.0,0.0,7.2,3.0,110.0,1.0
2025-07-09,22.2,31.4,26.4,78.0,0.0,9.5,3.0,80.0,1.0
2025-07-10,22.0,31.4,26.1,81.0,0.0,7.6,3.0,100.0,1.0
2025-07-11,23.0,31.4,27.2,82.0,0.0,7.5,3.0,100.0,1.0
2025-07-12,24.4,30.4,26.5,85.0,7.3,3.8,3.0,140.0,1.0
2025-07-13,23.6,32.6,27.2,78.0,3.1,2.9,3.0,110.0,1.0
2025-07-14,24.0,31.7,27.2,77.0,0.0,8.4,3.0,110.0,1.0
2025-07-15,22.4,31.0,26.3,80.0,0.0,4.2,3.0,120.0,1.0
2025-07-16,25.2,31.6,27.8,76.0,8888.0,4.0,3.0,110.0,1.0
2025-07-17,23.4,31.7,27.2,78.0,0.0,4.8,4.0,110.0,1.0
2025-07-18,24.2,30.2,26.8,82.0,1.6,6.7,3.0,120.0,1.0
2025-07-19,22.6,31.2,26.3,82.0,0.0,0.5,3.0,120.0,1.0
2025-07-20,24.9,31.4,27.6,79.0,0.0,8.5,3.0,120.0,1.0
2025-07-21,23.2,31.6,27.1,76.0,0.0,4.6,3.0,100.0,1.0
2025-07-22,22.4,31.6,26.5,76.0,0.0,8.7,3.0,130.0,1.0
2025-07-23,22.2,31.6,26.6,81.0,0.0,9.6,4.0,100.0,1.0
2025-07-24,22.0,32.2,27.0,81.0,0.0,9.2,3.0,110.0,1.0
2025-07-25,22.3,32.4,26.6,83.0,0.0,9.4,3.0,110.0,1.0
2025-07-26,22.0,32.4,26.5,81.0,0.0,9.3,3.0,110.0,1.0
2025-07-27,21.4,31.7,26.5,80.0,0.0,9.0,4.0,120.0,1.0
2025-07-28,21.6,32.6,26.3,82.0,0.0,9.0,3.0,120.0,1.0
2025-07-29,21.8,31.3,26.7,82.0,0.0,9.1,3.0,90.0,1.0
2025-07-30,21.7,31.6,26.7,78.0,0.0,8.9,3.0,120.0,1.0
2025-07-31,22.3,32.0,27.0,82.0,0.0,7.9,4.0,80.0,1.0
2025-08-01,22.6,32.0,27.2,82.0,0.0,8.5,3.0,80.0,1.0
2025-08-02,22.4,32.0,27.2,86.0,0.0,9.4,3.0,70.0,1.0
2025-08-03,25.4,32.2,27.549999999999997,85.0,0.0,4.9,3.0,70.0,1.0
2025-08-04,24.1,32.8,27.9,84.0,0.0,8.8,3.0,130.0,1.0
2025-08-05,24.8,33.0,28.8,81.0,0.0,9.6,3.0,110.0,2.0
2025-08-06,23.2,32.4,27.8,84.0,0.0,9.5,3.0,70.0,1.0
2025-08-07,23.0,32.2,27.9,81.0,0.0,9.4,3.0,120.0,2.0
2025-08-08,22.7,32.9,27.5,81.0,0.0,9.5,3.0,100.0,1.0
2025-08-09,23.4,33.2,27.8,80.0,0.0,8.6,4.0,130.0,1.0
2025-08-10,21.9,32.8,27.3,80.0,0.0,9.6,3.0,70.0,1.0
2025-08-11,22.4,32.8,27.7,84.0,0.0,9.5,3.0,80.0,1.0
2025-08-12,22.3,32.0,27.0,83.0,0.0,9.4,3.0,130.0,1.0
2025-08-13,22.1,32.4,27.6,84.0,0.0,9.1,3.0,110.0,1.0
2025-08-14,24.2,33.4,28.6,80.0,0.0,9.2,4.0,150.0,1.0
2025-08-15,24.0,33.0,28.9,80.0,0.0,9.1,3.0,90.0,1.0
2025-08-16,24.8,32.3,28.6,81.0,0.0,9.1,3.0,130.0,1.0
2025-08-17,24.8,32.8,28.6,83.0,0.0,8.8,3.0,120.0,1.0
2025-08-18,25.4,32.8,28.4,84.0,0.0,6.3,4.0,110.0,1.0
2025-08-19,24.8,33.0,28.3,81.0,0.0,4.2,3.0,130.0,1.0
2025-08-20,23.0,33.2,27.9,81.5,0.0,9.4,3.0,100.0,1.0
2025-08-21,22.8,32.2,27.5,82.0,0.0,9.3,4.0,130.0,1.0
2025-08-22,23.9,32.6,28.2,82.0,0.0,9.3,4.0,70.0,1.0
2025-08-23,24.45,32.95,28.45,82.5,0.0,9.25,3.5,80.0,1.0
2025-08-24,25.0,33.3,28.7,83.0,0.0,9.2,3.0,90.0,1.0
2025-08-25,23.0,34.0,28.7,82.0,0.0,9.8,3.0,120.0,1.0
2025-08-26,22.6,33.4,27.7,83.0,0.0,9.6,3.0,130.0,1.0
2025-08-27,22.4,34.2,27.8,80.0,0.0,9.2,3.0,130.0,1.0
2025-08-28,22.8,34.9,28.5,75.0,0.0,9.2,2.0,80.0,1.0
2025-08-29,22.8,33.0,27.8,78.0,0.0,9.6,3.0,100.0,1.0
2025-08-30,24.2,32.5,28.4,82.0,0.0,9.5,3.0,140.0,1.0
2025-08-31,24.1,33.5,28.9,80.0,0.0,9.7,3.0,130.0,1.0
2025-09-01,24.8,33.4,28.5,85.0,0.0,8.8,3.0,130.0,1.0
2025-09-02,24.6,33.0,28.5,83.0,0.0,4.4,4.0,130.0,1.0
2025-09-03,25.0,33.5,29.1,82.0,8888.0,5.4,3.0,130.0,1.0
2025-09-04,25.5,33.2,28.9,80.0,0.0,3.7,3.0,120.0,1.0
2025-09-05,24.8,33.4,28.3,78.0,0.0,4.8,3.0,130.0,1.0
2025-09-06,23.6,33.8,28.2,79.0,0.0,9.3,3.0,120.0,1.0
2025-09-07,23.6,33.9,28.7,79.0,0.0,9.4,3.0,130.0,1.0
2025-09-08,24.5,33.6,29.1,79.0,0.0,9.7,3.0,70.0,1.0
2025-09-09,25.0,33.6,28.4,79.0,0.0,9.5,4.0,110.0,1.0
2025-09-10,24.0,33.2,29.2,80.0,0.0,9.3,3.0,120.0,1.0
2025-09-11,25.8,33.4,29.1,80.0,0.0,9.5,3.0,130.0,1.0
2025-09-12,25.4,33.8,29.4,80.0,0.0,8.3,4.0,140.0,1.0
2025-09-13,25.5,33.4,29.3,80.0,0.0,7.5,4.0,130.0,1.0
2025-09-14,25.4,33.7,29.4,82.0,0.0,9.3,3.0,140.0,1.0
2025-09-15,25.2,34.3,30.1,78.0,0.0,7.7,4.0,130.0,1.0
2025-09-16,27.1,34.4,29.7,83.0,0.2,9.4,3.0,120.0,1.0
2025-09-17,26.6,34.5,28.6,85.0,0.0,7.2,3.0,130.0,1.0
2025-09-18,25.2,32.6,27.7,89.0,4.6,6.5,2.0,70.0,1.0
2025-09-19,25.2,33.8,28.9,83.0,23.3,5.5,3.0,120.0,1.0
2025-09-20,24.8,33.9,29.6,80.0,0.0,7.4,4.0,130.0,1.0
2025-09-21,24.8,33.6,29.4,80.0,8888.0,9.6,3.0,130.0,2.0
2025-09-22,25.2,34.1,30.0,81.0,0.0,9.7,3.0,140.0,1.0
2025-09-23,26.8,33.6,29.4,83.0,6.5,9.1,3.0,130.0,1.0
2025-09-24,26.2,33.0,29.1,84.0,0.0,7.9,3.0,130.0,1.0
2025-09-25,25.8,33.5,29.3,83.0,0.0,5.9,3.0,130.0,1.0
2025-09-26,26.3,31.8,28.7,85.0,0.0,5.6,3.0,60.0,1.0
2025-09-27,25.4,33.2,29.3,85.0,0.0,1.2,4.0,120.0,1.0
2025-09-28,26.3,34.3,28.8,86.0,0.0,6.7,3.0,130.0,1.0
2025-09-29,25.4,34.2,29.7,82.0,0.0,6.4,3.0,120.0,1.0
2025-09-30,26.2,33.8,29.0,86.0,0.0,9.8,4.0,130.0,1.0
2025-10-01,25.7,34.8,30.3,78.0,8888.0,5.1,4.0,130.0,1.0
2025-10-02,26.0,34.199999999999996,30.266666666666666,74.0,0.0,5.7,4.0,250.0,2.0
2025-10-03,26.35,33.6,30.233333333333334,70.0,0.15,6.300000000000001,5.5,280.0,3.5
2025-10-04,26.7,33.0,30.2,66.0,0.3,6.9,7.0,310.0,5.0
2025-10-05,27.6,31.4,29.4,70.0,1.3,2.1,7.0,310.0,5.0
2025-10-06,26.8,31.8,29.45,72.5,0.65,1.05,6.5,315.0,5.0
2025-10-07,26.0,32.2,29.5,75.0,0.0,0.0,6.0,320.0,5.0
2025-10-08,28.2,33.2,30.5,69.0,0.0,2.4,5.0,320.0,2.0
2025-10-09,26.1,32.2,28.7,82.0,1.5,4.6,4.0,230.0,2.0
2025-10-10,26.0,31.2,28.3,77.0,9.6,0.0,5.0,290.0,2.0
2025-10-11,25.2,32.0,28.0,78.0,0.8,0.0,4.0,280.0,2.0
2025-10-12,25.2,31.7,28.6,76.0,0.0,5.2,4.0,310.0,2.0
2025-10-13,24.6,33.3,28.4,77.0,0.0,1.7,4.0,310.0,2.0
2025-10-14,25.0,33.0,28.9,78.0,3.1,5.6,4.0,250.0,2.0
2025-10-15,25.0,32.5,29.0,80.0,13.8,8.6,4.0,270.0,2.0
2025-10-16,26.0,33.2,30.0,74.0,0.0,5.2,3.0,300.0,2.0
2025-10-17,24.8,33.8,28.9,81.0,8.7,7.1,3.0,260.0,1.0
2025-10-18,25.6,33.4,28.9,79.0,0.0,6.3,3.0,240.0,2.0
2025-10-19,25.6,33.4,28.8,76.0,0.0,5.4,4.0,310.0,2.0
2025-10-20,25.4,32.4,28.4,79.0,0.7,4.9,3.0,260.0,2.0
2025-10-21,25.6,32.8,28.6,81.0,4.5,3.5,3.0,310.0,2.0
2025-10-22,25.4,32.9,29.6,76.0,0.0,4.5,4.0,310.0,2.0
2025-10-23,25.0,33.1,29.0,78.0,0.0,2.7,4.0,310.0,2.0
2025-10-24,25.2,33.1,28.4,82.0,20.7,4.6,4.0,310.0,2.0
2025-10-25,24.8,32.9,28.5,81.0,19.049999999999997,5.5,4.0,290.0,2.0
2025-10-26,24.6,33.4,28.9,82.0,17.4,7.4,4.0,250.0,2.0
2025-10-27,26.0,33.2,28.7,81.0,0.0,5.7,4.0,280.0,2.0
2025-10-28,25.4,29.8,26.9,88.0,10.6,5.2,2.0,240.0,1.0
2025-10-29,24.6,31.1,28.0,82.0,2.0,0.0,3.0,260.0,1.0
2025-10-30,26.0,32.4,28.9,76.0,0.0,0.0,5.0,310.0,3.0
2025-10-31,27.1,33.6,29.6,72.0,0.0,4.2,5.0,300.0,3.0
2025-11-01,26.8,34.0,29.5,76.0,1.9,4.0,3.0,240.0,1.0
2025-11-02,25.8,33.0,28.5,80.0,0.0,4.4,3.0,240.0,2.0
2025-11-03,25.4,32.6,27.2,84.0,51.3,2.4,3.0,260.0,1.0
2025-11-04,24.95,32.5,27.6,82.0,34.2,1.3499999999999999,4.0,285.0,1.5
2025-11-05,24.5,32.4,28.0,80.0,17.1,0.3,5.0,310.0,2.0
2025-11-06,25.2,34.6,28.8,78.0,0.0,1.0,3.0,250.0,2.0
2025-11-07,24.0,34.2,29.1,74.0,0.0,3.3,3.0,240.0,2.0
2025-11-08,25.2,33.6,29.7,70.0,0.0,7.6,3.0,270.0,1.0
2025-11-09,26.0,33.4,28.9,76.0,0.0,5.2,5.0,270.0,2.0
2025-11-10,25.4,32.4,28.3,78.0,0.8,2.1,3.0,240.0,2.0
2025-11-11,23.9,32.9,28.3,77.0,8888.0,0.0,4.0,260.0,2.0
2025-11-12,23.4,33.8,29.0,78.0,0.0,2.3,4.0,260.0,2.0
2025-11-13,25.4,32.6,27.1,85.0,0.0,5.8,5.0,280.0,2.0
2025-11-14,25.8,32.2,28.0,74.0,36.5,3.6,9.0,310.0,6.0
2025-11-15,27.2,33.4,30.4,67.0,0.8,0.3,7.0,290.0,4.0
2025-11-16,27.0,33.7,29.5,75.0,0.0,4.9,4.0,260.0,3.0
2025-11-17,26.6,32.8,29.6,72.0,0.5,8.4,5.0,310.0,3.0
2025-11-18,26.15,33.15,29.85,73.0,0.25,8.65,5.0,300.0,3.0
2025-11-19,25.7,33.5,30.1,74.0,0.0,8.9,5.0,290.0,3.0
2025-11-20,26.5,34.6,30.8,70.0,0.0,4.5,4.0,310.0,4.0
2025-11-21,25.6,33.3,30.4,70.0,0.0,4.7,5.0,290.0,4.0
2025-11-22,27.4,33.8,30.8,69.0,0.0,3.8,5.0,270.0,3.0
2025-11-23,27.0,33.1,29.7,74.0,0.0,6.9,4.0,240.0,2.0
2025-11-24,26.6,33.2,29.3,77.0,0.0,5.3,4.0,250.0,2.0
2025-11-25,25.9,34.4,29.4,78.0,0.0,5.5,5.0,320.0,3.0
2025-11-26,24.8,32.1,29.7,76.0,0.0,6.3,5.0,320.0,3.0
2025-11-27,26.6,32.8,29.3,76.0,0.0,1.4,5.0,280.0,2.0
2025-11-28,26.2,33.8,29.3,76.0,0.2,3.8,4.0,290.0,2.0
2025-11-29,26.5,33.5,29.3,80.0,2.2,4.1,4.0,250.0,2.0
2025-11-30,25.6,33.1,28.4,80.0,17.0,1.5,6.0,280.0,3.0
2025-12-01,26.0,32.7,29.2,77.0,8.5,2.4,4.0,250.0,2.0
2025-12-02,25.1,32.9,28.9,74.0,17.8,6.0,4.0,240.0,2.0
2025-12-03,24.3,32.3,27.3,83.0,27.1,5.2,2.0,310.0,1.0
2025-12-04,23.1,32.6,29.7,74.0,0.0,2.4,5.0,270.0,3.0
2025-12-05,24.9,32.85,29.4,76.0,29.0,5.9,5.0,260.0,2.0
2025-12-06,24.4,33.1,29.1,78.0,0.0,6.3,6.0,260.0,2.0
2025-12-07,24.299999999999997,32.85,28.55,80.0,30.0,5.5,5.0,265.0,2.0
2025-12-08,24.2,32.6,28.0,82.0,60.0,4.7,4.0,270.0,2.0
2025-12-09,24.4,33.4,29.0,76.0,1.3,4.6,4.0,280.0,2.0
2025-12-10,25.0,31.0,28.1,83.0,0.2,7.1,3.0,290.0,1.0
2025-12-11,23.6,32.4,27.5,80.0,3.9,0.3,4.0,300.0,2.0
2025-12-12,24.0,32.1,28.6,78.0,0.5,7.3,4.0,260.0,2.0
2025-12-13,25.7,32.2,28.1,80.0,2.1,5.1,4.0,260.0,2.0
2025-12-14,26.0,32.5,28.55,79.5,0.0,5.0,4.0,270.0,2.0
2025-12-15,25.6,33.2,29.0,79.0,8888.0,7.0,5.0,260.0,2.0
2025-12-16,26.0,33.4,28.45,82.5,8888.0,7.5,3.0,270.0,1.0
2025-12-17,26.0,31.8,27.9,86.0,12.3,6.8,5.0,300.0,1.0
2025-12-18,26.2,33.4,29.3,80.0,0.0,3.5,3.0,300.0,2.0
2025-12-19,26.2,34.1,28.6,80.0,0.0,5.2,4.0,310.0,2.0
2025-12-20,25.1,32.2,28.2,83.0,24.5,5.5,4.0,280.0,2.0
2025-12-21,25.6,32.2,28.7,80.0,1.3,8.3,4.0,260.0,2.0
2025-12-22,25.4,33.6,28.6,82.0,0.0,6.2,4.0,300.0,2.0
2025-12-23,26.0,34.2,28.3,82.0,8888.0,6.5,4.0,290.0,1.0
2025-12-24,26.0,31.9,28.7,84.0,48.8,6.9,4.0,270.0,2.0
2025-12-25,25.2,32.0,27.9,84.0,62.0,7.8,4.0,260.0,2.0
2025-12-26,25.8,33.1,28.8,84.0,1.5,6.3,4.0,310.0,2.0
2025-12-27,26.4,32.8,28.9,80.0,1.4,3.5,4.0,260.0,2.0
2025-12-28,26.4,33.4,29.2,73.0,0.5,2.9,5.0,290.0,2.0
2025-12-29,26.6,33.4,29.5,75.0,0.0,8.3,4.0,270.0,2.0
2025-12-30,27.0,33.2,29.4,79.0,0.0,7.0,6.0,260.0,2.0
2025-12-31,25.8,32.55,28.9,82.0,29.0,6.3,4.0,300.0,2.0
2026-01-01,25.4,31.9,28.4,85.0,3.4,7.2,3.0,310.0,1.0
2026-01-02,25.2,32.4,28.2,82.0,1.8,4.7,4.0,260.0,2.0
2026-01-03,26.0,32.4,28.7,78.0,8888.0,3.6,8.0,320.0,3.0
2026-01-04,24.8,30.4,27.1,82.0,49.3,6.7,2.0,100.0,1.0
2026-01-05,25.1,32.4,28.2,82.0,1.8,0.0,3.0,280.0,1.0
2026-01-06,25.2,32.4,28.2,81.0,1.0,5.2,4.0,310.0,3.0
2026-01-07,25.2,32.2,29.4,74.0,1.3,4.9,4.0,310.0,3.0
2026-01-08,28.2,33.2,30.6,68.0,0.65,2.4,6.0,300.0,4.0
2026-01-09,25.0,33.6,30.6,69.0,0.0,8.3,6.0,320.0,4.0
2026-01-10,28.2,33.8,30.3,72.0,0.1,9.6,5.0,250.0,2.0
2026-01-11,26.6,33.8,29.2,80.0,0.0,8.9,3.0,300.0,2.0
2026-01-12,26.4,34.0,29.3,80.0,0.0,4.9,4.0,280.0,2.0
2026-01-13,25.2,31.2,27.9,84.0,5.3,6.6,3.0,100.0,1.0
2026-01-14,25.4,33.0,28.8,82.0,0.0,0.0,4.0,240.0,1.0
2026-01-15,25.4,31.6,28.0,85.0,9.7,6.3,4.0,250.0,2.0
2026-01-16,25.2,32.2,28.2,84.0,1.0,4.0,4.0,250.0,2.0
2026-01-17,25.8,33.1,28.8,82.0,1.0,5.6,4.0,300.0,2.0
2026-01-18,25.8,34.4,29.0,78.0,0.0,6.0,4.0,320.0,2.0
2026-01-19,25.6,33.4,28.9,79.0,0.0,8.3,4.0,260.0,2.0
2026-01-20,26.0,32.1,28.8,82.0,0.0,8.8,4.0,270.0,2.0
2026-01-21,26.4,34.4,29.0,78.0,0.0,3.9,4.0,100.0,2.0
2026-01-22,25.4,35.1,29.6,77.0,4.9,6.1,5.0,100.0,2.0
2026-01-23,25.4,33.5,29.3,78.0,0.7,8.6,4.0,300.0,2.0
2026-01-24,26.6,33.2,29.5,80.0,0.0,9.5,3.0,310.0,2.0
2026-01-25,26.3,33.0,28.5,82.0,0.0,10.2,4.0,280.0,2.0
2026-01-26,26.2,33.3,28.2,84.0,0.3,6.1,4.0,10.0,2.0
2026-01-27,25.4,33.1,28.1,82.0,20.7,5.7,4.0,310.0,2.0
2026-01-28,25.7,32.0,28.0,87.0,2.3,9.1,3.0,270.0,1.0
2026-01-29,25.4,32.2,27.5,85.0,16.5,3.8,4.0,150.0,2.0
2026-01-30,25.4,33.2,28.2,84.0,13.9,4.3,4.0,260.0,2.0
2026-01-31,25.6,32.6,29.5,80.0,0.2,6.0,4.0,90.0,1.0
2026-02-01,25.6,33.8,29.1,81.0,0.2,2.3,5.0,90.0,2.0
2026-02-02,25.8,33.4,27.7,88.0,5.2,4.0,3.0,320.0,1.0
2026-02-03,25.6,32.8,28.0,86.0,5.2,1.2,4.0,310.0,1.0
2026-02-04,25.7,33.4,29.4,78.0,0.1,2.5,4.0,260.0,2.0
2026-02-05,26.6,32.4,29.2,82.0,0.1,5.1,3.0,240.0,1.0
2026-02-06,25.3,32.8,28.1,88.0,8.2,2.5,3.0,310.0,1.0
2026-02-07,25.4,33.1,29.9,77.0,26.4,4.1,4.0,260.0,2.0
2026-02-08,26.0,32.7,28.5,86.0,1.7,5.9,5.0,250.0,2.0
2026-02-09,25.9,32.2,27.7,90.0,2.9,3.9,3.0,290.0,1.0
2026-02-10,25.8,34.4,31.5,71.0,21.5,3.4,4.0,270.0,2.0
2026-02-11,26.2,34.8,30.2,73.0,0.0,9.7,4.0,260.0,2.0
2026-02-12,25.2,33.0,30.8,69.0,0.3,9.7,4.0,280.0,2.0
2026-02-13,26.0,32.9,29.9,74.0,0.25,3.7,4.0,290.0,2.0
2026-02-14,26.4,32.7,29.0,77.0,0.2,3.3,4.0,280.0,2.0
2026-02-15,25.8,32.9,28.2,80.0,8888.0,4.5,4.0,250.0,1.0
2026-02-16,25.6,33.3,28.1,84.0,6.7,2.6,3.0,230.0,1.0
2026-02-17,25.4,31.9,28.2,80.0,0.0,3.9,3.0,90.0,1.0
2026-02-18,25.6,33.4,29.1,77.0,3.1,5.8,3.0,300.0,2.0
2026-02-19,25.4,33.4,28.6,79.0,0.0,7.0,6.0,250.0,2.0
2026-02-20,25.6,33.0,28.6,75.0,0.0,8.2,6.0,60.0,2.0
2026-02-21,26.2,32.8,28.9,75.0,0.0,4.0,4.0,90.0,2.0
2026-02-22,26.0,34.0,28.7,76.0,0.5,4.6,4.0,350.0,2.0
2026-02-23,25.2,30.8,27.4,80.0,16.5,4.4,4.0,90.0,2.0
2026-02-24,24.9,32.6,30.4,70.0,8888.0,0.4,3.0,320.0,2.0
2026-02-25,25.2,33.25,29.4,74.0,0.0,6.2,3.0,80.0,2.0
2026-02-26,25.3,33.9,28.9,75.0,0.0,8.6,3.0,70.0,2.0
2026-02-27,25.950000000000003,34.05,29.4,73.5,4444.0,8.25,3.5,65.0,2.0
2026-02-28,26.6,34.2,29.9,72.0,8888.0,7.9,4.0,60.0,2.0
2026-03-01,26.0,28.6,27.1,86.0,18.6,6.5,2.0,80.0,1.0
2026-03-02,25.1,32.8,28.2,80.0,5.0,0.0,3.0,90.0,1.0
2026-03-03,25.4,34.4,28.7,82.0,8888.0,3.25,4.0,250.0,2.0
2026-03-04,25.4,33.2,29.6,78.0,21.5,6.5,4.0,250.0,2.0
2026-03-05,25.2,33.3,28.1,81.0,50.6,6.1,4.0,260.0,2.0
2026-03-06,25.4,32.4,28.5,86.0,40.4,6.0,3.0,100.0,2.0
2026-03-07,24.6,33.0,28.2,73.0,0.5,5.3,4.0,80.0,2.0
2026-03-08,24.4,33.8,30.7,65.0,0.25,8.7,4.0,240.0,2.0
2026-03-09,24.6,32.6,29.9,70.0,0.0,9.4,3.0,240.0,1.0
2026-03-10,25.0,31.8,28.1,82.0,0.0,5.5,4.0,90.0,2.0
2026-03-11,25.7,34.1,28.5,79.0,2.6,4.7,3.0,310.0,2.0
2026-03-12,25.2,27.8,26.3,88.0,14.0,4.7,3.0,90.0,1.0
2026-03-13,25.2,30.8,28.2,79.0,1.7,0.0,2.0,240.0,1.0
2026-03-14,25.2,27.6,25.9,92.0,8888.0,0.0,2.0,250.0,1.0
2026-03-15,25.0,32.4,29.1,74.0,3.8,0.3,3.0,80.0,2.0
2026-03-16,25.2,32.4,28.4,78.0,0.7,4.2,3.0,310.0,2.0
2026-03-17,23.8,32.2,28.1,76.0,8888.0,6.2,4.0,260.0,2.0
2026-03-18,24.8,32.8,27.6,79.0,0.0,6.8,3.0,100.0,1.0
2026-03-19,24.5,30.8,27.1,82.0,7.3,0.5,3.0,50.0,2.0
2026-03-20,25.0,33.0,28.5,77.0,0.0,2.5,4.0,240.0,2.0
2026-03-21,25.5,31.6,27.9,76.0,0.0,5.1,3.0,40.0,1.0
2026-03-22,25.2,32.4,28.1,80.0,0.0,2.3,4.0,50.0,2.0
2026-03-23,25.4,33.6,28.5,75.0,8888.0,6.3,4.0,250.0,2.0
2026-03-24,25.6,33.0,29.1,73.0,0.0,5.0,4.0,240.0,2.0
2026-03-25,26.6,33.0,28.6,76.0,0.0,4.4,5.0,350.0,2.0
2026-03-26,25.0,32.8,28.1,82.0,50.3,3.1,3.0,130.0,1.0
2026-03-27,25.6,33.4,28.9,79.0,0.2,4.7,3.0,100.0,2.0
2026-03-28,25.2,33.3,27.9,83.0,1.0,7.0,4.0,100.0,2.0
2026-03-29,25.2,31.9,27.4,87.0,3.0,8.1,3.0,70.0,2.0
2026-03-30,24.6,33.4,27.4,84.0,30.5,4.4,4.0,250.0,2.0
2026-03-31,25.0,33.3,28.299999999999997,82.5,28.7,8.0,4.0,100.0,2.0
2026-04-01,26.7,33.2,29.2,81.0,0.7,8.1,3.0,110.0,2.0
2026-04-02,26.2,32.8,28.5,84.0,7.8,8.5,4.0,250.0,2.0
2026-04-03,25.0,32.2,27.5,88.0,15.6,4.9,4.0,60.0,2.0
2026-04-04,24.8,31.4,27.8,83.0,112.3,5.9,4.0,50.0,2.0
2026-04-05,23.8,33.1,27.6,82.0,2.5,4.8,4.0,50.0,2.0
2026-04-06,24.4,32.2,28.0,81.0,0.3,9.6,4.0,250.0,2.0
2026-04-07,25.0,31.8,26.7,85.0,0.5,3.4,4.0,260.0,1.0
2026-04-08,23.7,32.8,27.5,80.0,4.6,3.9,4.0,30.0,2.0
2026-04-09,24.2,33.0,27.5,74.0,0.9,7.0,4.0,250.0,2.0
2026-04-10,24.2,33.0,28.6,72.0,0.0,9.1,4.0,40.0,2.0
2026-04-11,24.8,30.4,26.9,81.0,0.0,8.9,3.0,240.0,1.0
2026-04-12,24.8,30.6,26.8,85.0,0.0,0.4,3.0,230.0,1.0
2026-04-13,25.4,30.2,27.0,84.0,39.9,1.1,2.0,240.0,1.0
2026-04-14,25.2,30.4,26.9,87.0,1.4,0.0,2.0,100.0,0.0
2026-04-15,24.0,32.4,27.8,79.0,0.1,0.5,4.0,300.0,2.0
2026-04-16,23.8,31.2,26.3,80.0,0.0,7.8,5.0,40.0,2.0
2026-04-17,24.4,32.8,26.8,82.0,27.1,5.9,3.0,90.0,1.0
2026-04-18,24.3,29.2,26.5,80.0,12.0,1.5,5.0,260.0,2.0
2026-04-19,25.6,32.4,28.8,75.0,0.3,0.0,4.0,60.0,2.0
2026-04-20,25.4,33.0,28.7,74.0,0.0,6.5,3.0,240.0,2.0
2026-04-21,25.4,33.6,28.5,78.0,0.0,6.2,4.0,250.0,2.0
2026-04-22,25.7,34.1,29.2,75.0,3.2,5.0,3.0,190.0,2.0
2026-04-23,25.7,32.7,28.8,71.0,0.0,7.8,4.0,30.0,2.0
2026-04-24,24.8,32.6,28.0,73.0,0.0,4.4,3.0,40.0,2.0
2026-04-25,24.3,33.2,28.0,74.0,0.0,6.4,4.0,60.0,2.0
2026-04-26,24.3,32.3,27.9,76.0,0.0,9.3,4.0,60.0,2.0
2026-04-27,24.6,31.8,27.9,76.0,0.0,9.6,4.0,50.0,2.0
2026-04-28,24.2,32.6,27.6,77.0,8888.0,4.3,4.0,50.0,2.0
2026-04-29,24.1,33.5,28.2,73.0,0.0,8.7,3.0,230.0,2.0
2026-04-30,24.2,32.6,28.4,72.0,0.0,8.35,5.0,250.0,3.0
2026-05-01,25.2,32.4,28.2,71.0,0.0,8.0,4.0,60.0,2.0
2026-05-02,26.2,31.3,28.2,75.0,4444.0,2.2,3.0,260.0,1.0
2026-05-03,24.6,34.2,29.3,70.0,8888.0,1.4,5.0,40.0,2.0
2026-05-04,24.2,34.5,28.8,70.0,0.0,9.0,5.0,40.0,2.0
2026-05-05,26.2,33.2,28.5,76.0,0.1,9.6,4.0,240.0,2.0
2026-05-06,26.2,33.0,29.3,68.0,0.1,6.3,5.0,240.0,2.0
2026-05-07,24.8,33.0,27.8,73.0,0.0,3.1,4.0,260.0,2.0
2026-05-08,25.0,32.2,28.1,72.0,1.9,6.1,5.0,40.0,2.0
2026-05-09,23.7,34.1,27.6,71.0,0.0,5.5,4.0,230.0,2.0
2026-05-10,24.2,32.4,27.8,83.0,0.0,2.5,4.0,250.0,2.0
2026-05-11,25.0,32.2,28.0,74.0,1.0,5.2,4.0,240.0,2.0
2026-05-12,25.6,34.0,28.5,72.0,0.0,3.2,5.0,40.0,2.0
2026-05-13,24.1,33.1,28.3,71.0,1.0,8.2,3.0,240.0,2.0
2026-05-14,25.1,32.8,28.5,75.0,2.0,3.8,5.0,180.0,3.0
2026-05-15,24.8,33.7,28.4,75.0,0.0,6.4,5.0,250.0,3.0
2026-05-16,25.0,33.6,28.6,72.0,0.1,7.7,6.0,40.0,3.0
2026-05-17,24.2,34.0,28.1,74.0,0.0,8.2,5.0,30.0,2.0
2026-05-18,22.4,33.3,26.9,70.0,0.0,9.2,5.0,40.0,2.0
2026-05-19,23.4,32.4,27.4,69.0,0.0,8.9,4.0,40.0,2.0
2026-05-20,23.7,34.6,28.9,60.0,0.0,6.4,4.0,250.0,3.0
2026-05-21,23.8,34.2,28.8,64.0,0.0,9.2,4.0,240.0,3.0
2026-05-22,24.0,34.0,28.3,70.0,0.7,9.3,4.0,260.0,3.0
2026-05-23,24.6,34.6,28.5,70.0,0.0,9.5,4.0,60.0,3.0
2026-05-24,24.9,33.3,28.3,71.5,0.4,5.4,4.0,150.0,2.5
2026-05-25,25.2,32.0,28.1,73.0,0.8,1.3,4.0,240.0,2.0
2026-05-26,25.4,34.0,29.0,59.0,0.9,2.5,4.0,230.0,2.0
2026-05-27,23.2,34.0,28.2,69.0,0.45,9.4,4.0,240.0,2.0
2026-05-28,23.9,34.5,29.2,67.0,0.0,9.5,4.0,230.0,3.0
2026-05-29,24.2,34.4,28.9,59.0,0.0,8.0,5.0,240.0,3.0
2026-05-30,24.4,34.0,28.3,68.0,0.0,10.0,5.0,250.0,3.0
2026-05-31,23.8,34.0,28.7,62.0,0.0,9.9,4.0,230.0,3.0
2026-06-01,23.6,34.0,27.7,68.0,0.0,10.1,5.0,70.0,3.0
2026-06-02,24.0,34.4,28.3,67.0,0.0,10.0,5.0,40.0,3.0
2026-06-03,23.9,35.4,29.1,62.0,0.0,10.2,5.0,30.0,2.0
2026-06-04,23.1,34.2,27.9,64.0,0.0,9.9,6.0,50.0,3.0
2026-06-05,23.1,35.2,28.2,72.0,0.0,8.3,5.0,220.0,3.0
2026-06-06,25.4,35.6,29.6,67.0,0.0,7.8,8.0,110.0,3.0
2026-06-07,24.2,34.4,29.2,62.0,0.3,6.7,5.0,40.0,3.0
2026-06-08,24.6,33.4,28.3,72.0,0.0,9.2,5.0,30.0,3.0
2026-06-09,23.4,33.8,28.1,66.0,0.0,9.5,5.0,60.0,2.0
2026-06-10,23.7,34.6,27.9,68.0,0.0,9.2,7.0,40.0,2.0
2026-06-11,25.8,34.2,28.5,78.0,0.0,9.3,5.0,40.0,2.0
2026-06-12,24.8,34.4,27.6,80.0,47.7,6.4,4.0,240.0,2.0
2026-06-13,24.6,34.0,29.1,76.0,0.4,2.1,4.0,240.0,2.0
2026-06-14,24.4,33.7,28.4,68.0,0.0,5.1,4.0,240.0,3.0
2026-06-15,24.5,34.0,28.8,66.0,0.0,5.0,3.0,240.0,2.0
2026-06-16,25.8,34.1,29.1,65.0,0.0,7.6,4.0,240.0,2.0
2026-06-17,25.8,34.1,28.8,70.0,0.0,9.7,3.0,260.0,2.0
2026-06-18,25.6,34.0,29.3,64.0,0.0,6.6,4.0,250.0,2.0
2026-06-19,25.6,34.2,29.3,69.0,0.0,3.9,6.0,40.0,3.0
2026-06-20,25.4,34.3,29.0,70.0,1.1,8.9,5.0,40.0,3.0
2026-06-21,25.0,33.8,28.6,66.0,1.1,6.4,5.0,260.0,2.0
2026-06-22,23.4,32.8,28.0,67.0,0.0,8.7,4.0,280.0,2.0
2026-06-23,23.8,33.4,27.9,69.0,0.0,9.3,4.0,80.0,2.0
2026-06-24,23.0,33.0,27.9,73.0,0.0,8.3,4.0,60.0,2.0
2026-06-25,24.1,33.8,28.2,76.0,0.0,9.3,4.0,240.0,2.0
2026-06-26,24.4,34.6,28.2,67.0,0.0,9.5,3.0,70.0,2.0
2026-06-27,24.0,34.9,28.7,65.0,0.0,9.0,6.0,280.0,3.0
2026-06-28,23.4,34.2,28.2,68.0,0.0,0.0,4.0,240.0,2.0
2026-06-29,23.8,34.2,27.7,72.0,0.0,9.6,4.0,240.0,2.0
2026-06-30,24.0,34.6,29.0,67.0,0.0,9.6,4.0,240.0,2.0
2026-07-01,24.6,34.6,29.3,69.0,0.0,9.3,4.0,100.0,3.0
2026-07-02,24.0,34.1,27.9,72.0,2.0,9.7,4.0,250.0,2.0
2026-07-03,24.5,33.6,28.6,76.0,4.0,9.7,4.0,250.0,2.0
2026-07-04,25.4,34.4,29.6,75.0,0.0,5.9,4.0,260.0,2.0
2026-07-05,25.6,33.7,29.6,72.0,8888.0,7.6,4.0,260.0,2.0
2026-07-06,25.8,35.2,30.0,72.0,4444.0,9.3,4.0,240.0,2.0
2026-07-07,26.2,35.2,30.0,68.0,0.0,9.0,4.0,250.0,2.0
2026-07-08,26.0,36.8,30.7,63.0,2.0,8.3,5.0,60.0,3.0
2026-07-09,25.4,34.4,30.1,63.0,4.0,9.2,5.0,260.0,2.0
2026-07-10,25.6,36.0,30.1,65.0,0.0,9.5,4.0,70.0,2.0
2026-07-11,23.8,34.9,28.5,68.0,0.0,9.4,5.0,70.0,3.0
2026-07-12,24.7,35.4,29.7,64.0,0.0,9.3,4.0,240.0,2.0
2026-07-13,25.5,35.0,29.5,66.0,0.0,9.3,4.0,240.0,3.0
2026-07-14,25.8,36.4,30.7,65.0,0.0,9.4,4.0,110.0,2.0
2026-07-15,26.2,35.5,29.5,72.0,0.0,8.8,4.0,250.0,2.0
2026-07-16,25.0,34.6,29.5,76.0,9.5,8.9,4.0,240.0,2.0
2026-07-17,26.2,36.3,30.9,67.0,0.0,9.6,5.0,250.0,2.0
2026-07-18,27.0,34.2,29.9,74.0,8.9,10.0,4.0,260.0,2.0
2026-07-19,26.2,34.2,28.1,82.0,17.8,7.1,5.0,90.0,1.0
2026-07-20,25.0,33.6,28.8,82.0,30.6,5.0,4.0,250.0,2.0
2026-07-21,24.0,35.4,29.6,66.0,0.0,8.3,4.0,260.0,2.0
2026-07-22,24.6,34.1,29.0,74.0,0.0,9.5,4.0,240.0,2.0
2026-07-23,25.4,33.8,29.1,75.0,0.0,9.8,4.0,250.0,2.0
2026-07-24,25.7,34.0,29.200000000000003,76.5,0.0,8.5,3.5,260.0,2.0
2026-07-25,26.0,34.2,29.3,78.0,0.0,7.2,3.0,270.0,2.0
2026-07-26,24.6,33.8,29.7,75.0,0.0,7.6,5.0,260.0,2.0
2026-07-27,23.0,33.6,28.1,72.0,0.0,9.8,3.0,260.0,2.0
2026-07-28,23.4,33.8,28.7,68.0,0.0,9.7,4.0,280.0,2.0
2026-07-29,24.2,36.2,29.25,69.0,0.0,9.8,4.0,240.0,2.0
2026-07-30,24.2,35.4,29.8,70.0,0.0,9.8,4.0,250.0,2.0
2026-07-31,25.8,34.8,31.8,65.0,0.0,9.8,4.0,240.0,2.0
2026-08-01,26.0,34.2,31.6,67.0,0.0,9.8,3.0,240.0,2.0
2026-08-02,26.0,35.2,31.1,70.0,0.0,8.9,5.0,260.0,2.0
2026-08-03,26.0,34.8,29.8,75.0,12.0,8.1,4.0,310.0,1.0
2026-08-04,26.4,34.4,30.7,72.0,0.3,4.9,3.0,250.0,2.0
2026-08-05,26.4,31.8,28.0,84.0,8888.0,6.5,3.0,70.0,1.0
2026-08-06,24.6,34.2,30.9,70.0,8.4,3.3,4.0,260.0,2.0
2026-08-07,25.2,33.6,30.9,69.0,0.0,9.8,4.0,260.0,2.0
2026-08-08,26.0,33.4,30.9,71.0,0.0,9.2,5.0,260.0,2.0
2026-08-09,26.0,34.1,31.6,67.0,0.0,8.5,4.0,230.0,2.0
2026-08-10,26.5,34.4,31.5,67.0,0.0,9.0,4.0,270.0,2.0
2026-08-11,25.6,34.2,31.8,67.0,0.0,8.9,4.0,280.0,2.0
2026-08-12,26.2,34.1,31.6,69.0,0.0,9.6,2.0,240.0,1.0
2026-08-13,26.2,34.4,31.8,67.0,0.0,9.9,4.0,250.0,2.0
2026-08-14,25.6,34.4,32.0,69.0,0.0,8.8,4.0,270.0,2.0
2026-08-15,27.0,34.8,32.4,70.0,0.0,9.7,4.0,290.0,2.0
2026-08-16,27.3,35.4,32.5,69.0,0.0,8.6,5.0,26.0,2.0
2026-08-17,27.2,35.4,32.7,67.0,0.0,8.3,4.0,290.0,2.0
2026-08-18,27.4,34.6,31.9,70.0,0.0,9.7,4.0,250.0,2.0
2026-08-19,24.6,34.0,31.4,68.0,26.4,6.1,4.0,270.0,2.0
2026-08-20,26.4,33.6,31.0,74.0,0.0,7.9,3.0,240.0,2.0
2026-08-21,27.1,34.4,30.4,79.0,0.2,6.1,5.0,300.0,2.0
2026-08-22,26.4,35.4,32.0,70.0,49.9,5.7,4.0,90.0,2.0
2026-08-23,25.4,36.6,33.0,63.0,8888.0,8.0,5.0,330.0,3.0
2026-08-24,27.0,35.5,31.6,70.0,0.0,9.6,4.0,250.0,2.0
2026-08-25,26.8,33.8,29.5,80.0,9.8,8.7,3.0,320.0,2.0
2026-08-26,25.8,34.0,30.7,75.0,11.1,7.2,3.0,250.0,2.0
2026-08-27,26.0,33.8,29.3,79.0,1.1,6.8,4.0,280.0,2.0
2026-08-28,25.0,33.8,30.4,75.0,31.5,7.2,4.0,240.0,2.0
2026-08-29,25.4,32.0,29.0,81.0,8888.0,7.2,3.0,250.0,2.0
2026-08-30,25.2,33.4,31.0,75.0,3.4,3.8,3.0,270.0,2.0
2026-08-31,26.7,33.4,30.1,79.0,0.0,8.8,4.0,260.0,2.0
2026-09-01,25.0,33.5,30.8,75.0,2.7,5.5,3.0,250.0,2.0